<?xml version="1.0"?>
<!--Generated by Interstage XWand Mapping Generator B0025 October 12, 2018 -->
<!--Generated at 2019/04/25 09:07:58-->
<mappingRoot from="sheet" to="xbrl">
<sheetInformation/>
<xbrlInformation>
<aspectLocation>
<periodStart>
<sheetMapLocation sheetNumber="0" row="4" column="1"/>
</periodStart>
<periodEnd>
<sheetMapLocation sheetNumber="0" row="5" column="1"/>
</periodEnd>
<identifier>
<sheetMapLocation sheetNumber="0" row="6" column="1"/>
</identifier>
<scheme>
<sheetMapLocation sheetNumber="0" row="7" column="1"/>
</scheme>
<currency>
<sheetMapLocation sheetNumber="0" row="8" column="1"/>
</currency>
<language>
<sheetMapLocation sheetNumber="0" row="9" column="1"/>
</language>
</aspectLocation>
<contextFilterDefinition/>
<factAttributesDefinition>
<factAttributes unitMode="auto" precisionDecimalsMode="auto" id="attr1_6_3"/>
<factAttributes unitContent="{http://www.xbrl.org/2003/iso4217}:EUR" precisionDecimalsValue="-3" unitMode="content" precisionDecimalsMode="fixedDecimals" id="attr6_6_3"/>
<factAttributes unitContent="{http://www.xbrl.org/2003/instance}:pure" precisionDecimalsValue="4" unitMode="content" precisionDecimalsMode="fixedDecimals" id="attr9_10_5"/>
</factAttributesDefinition>
<dimensionAttributesDefinition>
<dimensionAttributes id="d_BAS_x17_x" namespaceURI="http://www.eba.europa.eu/xbrl/crr/dict/dim" localName="BAS" value="{http://www.eba.europa.eu/xbrl/crr/dict/dom/BA}:x17" axis="x"/>
<dimensionAttributes id="d_RET_x1_y" namespaceURI="http://www.srb.europa.eu/xbrl/dict/dim" localName="RET" value="{http://www.srb.europa.eu/xbrl/dict/dom/IT}:x1" axis="y"/>
<dimensionAttributes id="d_CAP_x0_y" namespaceURI="http://www.srb.europa.eu/xbrl/dict/dim" localName="CAP" value="{http://www.srb.europa.eu/xbrl/dict/dom/PM}:x0" axis="y"/>
<dimensionAttributes id="d_TYA_x0_y" namespaceURI="http://www.eba.europa.eu/xbrl/crr/dict/dim" localName="TYA" value="{http://www.eba.europa.eu/xbrl/crr/dict/dom/TA}:x0" axis="y"/>
<dimensionAttributes id="d_RPR_x0_y" namespaceURI="http://www.eba.europa.eu/xbrl/crr/dict/dim" localName="RPR" value="{http://www.eba.europa.eu/xbrl/crr/dict/dom/RP}:x0" axis="y"/>
<dimensionAttributes id="d_RET_x2_y" namespaceURI="http://www.srb.europa.eu/xbrl/dict/dim" localName="RET" value="{http://www.srb.europa.eu/xbrl/dict/dom/IT}:x2" axis="y"/>
<dimensionAttributes id="d_RPR_x26_y" namespaceURI="http://www.eba.europa.eu/xbrl/crr/dict/dim" localName="RPR" value="{http://www.eba.europa.eu/xbrl/crr/dict/dom/RP}:x26" axis="y"/>
<dimensionAttributes id="d_CAP_x1_y" namespaceURI="http://www.srb.europa.eu/xbrl/dict/dim" localName="CAP" value="{http://www.srb.europa.eu/xbrl/dict/dom/PM}:x1" axis="y"/>
<dimensionAttributes id="d_RET_x3_y" namespaceURI="http://www.srb.europa.eu/xbrl/dict/dim" localName="RET" value="{http://www.srb.europa.eu/xbrl/dict/dom/IT}:x3" axis="y"/>
<dimensionAttributes id="d_RET_x4_y" namespaceURI="http://www.srb.europa.eu/xbrl/dict/dim" localName="RET" value="{http://www.srb.europa.eu/xbrl/dict/dom/IT}:x4" axis="y"/>
<dimensionAttributes id="d_RET_x5_y" namespaceURI="http://www.srb.europa.eu/xbrl/dict/dim" localName="RET" value="{http://www.srb.europa.eu/xbrl/dict/dom/IT}:x5" axis="y"/>
<dimensionAttributes id="d_CAP_x2_y" namespaceURI="http://www.srb.europa.eu/xbrl/dict/dim" localName="CAP" value="{http://www.srb.europa.eu/xbrl/dict/dom/PM}:x2" axis="y"/>
<dimensionAttributes id="d_TYA_x1_y" namespaceURI="http://www.eba.europa.eu/xbrl/crr/dict/dim" localName="TYA" value="{http://www.srb.europa.eu/xbrl/dict/dom/eba_TA}:x1" axis="y"/>
<dimensionAttributes id="d_RET_x6_y" namespaceURI="http://www.srb.europa.eu/xbrl/dict/dim" localName="RET" value="{http://www.srb.europa.eu/xbrl/dict/dom/IT}:x6" axis="y"/>
<dimensionAttributes id="d_BAS_x17_y" namespaceURI="http://www.eba.europa.eu/xbrl/crr/dict/dim" localName="BAS" value="{http://www.eba.europa.eu/xbrl/crr/dict/dom/BA}:x17" axis="y"/>
<dimensionAttributes id="d_RPR_x1_y" namespaceURI="http://www.eba.europa.eu/xbrl/crr/dict/dim" localName="RPR" value="{http://www.srb.europa.eu/xbrl/dict/dom/eba_RP}:x1" axis="y"/>
<dimensionAttributes id="d_REF_x1_y" namespaceURI="http://www.eba.europa.eu/xbrl/crr/dict/dim" localName="REF" value="{http://www.srb.europa.eu/xbrl/dict/dom/eba_RF}:x1" axis="y"/>
<dimensionAttributes id="d_BAS_x7_y" namespaceURI="http://www.eba.europa.eu/xbrl/crr/dict/dim" localName="BAS" value="{http://www.eba.europa.eu/xbrl/crr/dict/dom/BA}:x7" axis="y"/>
<dimensionAttributes id="d_DEF_x1_y" namespaceURI="http://www.srb.europa.eu/xbrl/dict/dim" localName="DEF" value="{http://www.srb.europa.eu/xbrl/dict/dom/DF}:x1" axis="y"/>
<dimensionAttributes id="d_BAS_x11_y" namespaceURI="http://www.eba.europa.eu/xbrl/crr/dict/dim" localName="BAS" value="{http://www.eba.europa.eu/xbrl/crr/dict/dom/BA}:x11" axis="y"/>
<dimensionAttributes id="d_DEF_x0_y" namespaceURI="http://www.srb.europa.eu/xbrl/dict/dim" localName="DEF" value="{http://www.srb.europa.eu/xbrl/dict/dom/DF}:x0" axis="y"/>
<dimensionAttributes id="d_MCY_x275_y" namespaceURI="http://www.eba.europa.eu/xbrl/crr/dict/dim" localName="MCY" value="{http://www.eba.europa.eu/xbrl/crr/dict/dom/MC}:x275" axis="y"/>
<dimensionAttributes id="d_OFS_x10_y" namespaceURI="http://www.eba.europa.eu/xbrl/crr/dict/dim" localName="OFS" value="{http://www.eba.europa.eu/xbrl/crr/dict/dom/OF}:x10" axis="y"/>
<dimensionAttributes id="d_MCY_x135_y" namespaceURI="http://www.eba.europa.eu/xbrl/crr/dict/dim" localName="MCY" value="{http://www.eba.europa.eu/xbrl/crr/dict/dom/MC}:x135" axis="y"/>
<dimensionAttributes id="d_DEF_x2_y" namespaceURI="http://www.srb.europa.eu/xbrl/dict/dim" localName="DEF" value="{http://www.srb.europa.eu/xbrl/dict/dom/DF}:x2" axis="y"/>
<dimensionAttributes id="d_RET_x7_y" namespaceURI="http://www.srb.europa.eu/xbrl/dict/dim" localName="RET" value="{http://www.srb.europa.eu/xbrl/dict/dom/IT}:x7" axis="y"/>
<dimensionAttributes id="d_RPE_x0_y" namespaceURI="http://www.srb.europa.eu/xbrl/dict/dim" localName="RPE" value="{http://www.srb.europa.eu/xbrl/dict/dom/RP}:x0" axis="y"/>
<dimensionAttributes id="d_CTR_x1_y" namespaceURI="http://www.srb.europa.eu/xbrl/dict/dim" localName="CTR" value="{http://www.srb.europa.eu/xbrl/dict/dom/CM}:x1" axis="y"/>
<dimensionAttributes id="d_CTR_x2_y" namespaceURI="http://www.srb.europa.eu/xbrl/dict/dim" localName="CTR" value="{http://www.srb.europa.eu/xbrl/dict/dom/CM}:x2" axis="y"/>
<dimensionAttributes id="d_BAS_x7_x" namespaceURI="http://www.eba.europa.eu/xbrl/crr/dict/dim" localName="BAS" value="{http://www.eba.europa.eu/xbrl/crr/dict/dom/BA}:x7" axis="x"/>
<dimensionAttributes id="d_MCY_x2_y" namespaceURI="http://www.eba.europa.eu/xbrl/crr/dict/dim" localName="MCY" value="{http://www.srb.europa.eu/xbrl/dict/dom/eba_MC}:x2" axis="y"/>
<dimensionAttributes id="d_MCY_x5_y" namespaceURI="http://www.eba.europa.eu/xbrl/crr/dict/dim" localName="MCY" value="{http://www.srb.europa.eu/xbrl/dict/dom/eba_MC}:x5" axis="y"/>
<dimensionAttributes id="d_MCY_x6_y" namespaceURI="http://www.eba.europa.eu/xbrl/crr/dict/dim" localName="MCY" value="{http://www.srb.europa.eu/xbrl/dict/dom/eba_MC}:x6" axis="y"/>
<dimensionAttributes id="d_MCY_x1_y" namespaceURI="http://www.eba.europa.eu/xbrl/crr/dict/dim" localName="MCY" value="{http://www.srb.europa.eu/xbrl/dict/dom/eba_MC}:x1" axis="y"/>
<dimensionAttributes id="d_MCY_x3_y" namespaceURI="http://www.eba.europa.eu/xbrl/crr/dict/dim" localName="MCY" value="{http://www.srb.europa.eu/xbrl/dict/dom/eba_MC}:x3" axis="y"/>
<dimensionAttributes id="d_MCY_x4_y" namespaceURI="http://www.eba.europa.eu/xbrl/crr/dict/dim" localName="MCY" value="{http://www.srb.europa.eu/xbrl/dict/dom/eba_MC}:x4" axis="y"/>
<dimensionAttributes id="d_TYA_x10_y" namespaceURI="http://www.eba.europa.eu/xbrl/crr/dict/dim" localName="TYA" value="{http://www.eba.europa.eu/xbrl/crr/dict/dom/TA}:x10" axis="y"/>
<dimensionAttributes id="d_TYA_x1_y_1" namespaceURI="http://www.eba.europa.eu/xbrl/crr/dict/dim" localName="TYA" value="{http://www.eba.europa.eu/xbrl/crr/dict/dom/TA}:x1" axis="y"/>
<dimensionAttributes id="d_DEF_x8_y" namespaceURI="http://www.srb.europa.eu/xbrl/dict/dim" localName="DEF" value="{http://www.srb.europa.eu/xbrl/dict/dom/DF}:x8" axis="y"/>
<dimensionAttributes id="d_MCY_x99_y" namespaceURI="http://www.eba.europa.eu/xbrl/crr/dict/dim" localName="MCY" value="{http://www.eba.europa.eu/xbrl/crr/dict/dom/MC}:x99" axis="y"/>
<dimensionAttributes id="d_MCY_x157_y" namespaceURI="http://www.eba.europa.eu/xbrl/crr/dict/dim" localName="MCY" value="{http://www.eba.europa.eu/xbrl/crr/dict/dom/MC}:x157" axis="y"/>
<dimensionAttributes id="d_DEF_x5_y" namespaceURI="http://www.srb.europa.eu/xbrl/dict/dim" localName="DEF" value="{http://www.srb.europa.eu/xbrl/dict/dom/DF}:x5" axis="y"/>
<dimensionAttributes id="d_TYA_x2_y" namespaceURI="http://www.eba.europa.eu/xbrl/crr/dict/dim" localName="TYA" value="{http://www.srb.europa.eu/xbrl/dict/dom/eba_TA}:x2" axis="y"/>
<dimensionAttributes id="d_TYA_x3_y" namespaceURI="http://www.eba.europa.eu/xbrl/crr/dict/dim" localName="TYA" value="{http://www.srb.europa.eu/xbrl/dict/dom/eba_TA}:x3" axis="y"/>
<dimensionAttributes id="d_TYA_x4_y" namespaceURI="http://www.eba.europa.eu/xbrl/crr/dict/dim" localName="TYA" value="{http://www.srb.europa.eu/xbrl/dict/dom/eba_TA}:x4" axis="y"/>
<dimensionAttributes id="d_TYA_x5_y" namespaceURI="http://www.eba.europa.eu/xbrl/crr/dict/dim" localName="TYA" value="{http://www.srb.europa.eu/xbrl/dict/dom/eba_TA}:x5" axis="y"/>
<dimensionAttributes id="d_RET_x0_y" namespaceURI="http://www.srb.europa.eu/xbrl/dict/dim" localName="RET" value="{http://www.srb.europa.eu/xbrl/dict/dom/IT}:x0" axis="y"/>
<dimensionAttributes id="d_TYA_x6_y" namespaceURI="http://www.eba.europa.eu/xbrl/crr/dict/dim" localName="TYA" value="{http://www.srb.europa.eu/xbrl/dict/dom/eba_TA}:x6" axis="y"/>
<dimensionAttributes id="d_DEF_x6_y" namespaceURI="http://www.srb.europa.eu/xbrl/dict/dim" localName="DEF" value="{http://www.srb.europa.eu/xbrl/dict/dom/DF}:x6" axis="y"/>
<dimensionAttributes id="d_DEF_x7_y" namespaceURI="http://www.srb.europa.eu/xbrl/dict/dim" localName="DEF" value="{http://www.srb.europa.eu/xbrl/dict/dom/DF}:x7" axis="y"/>
<dimensionAttributes id="d_BAS_x6_y" namespaceURI="http://www.eba.europa.eu/xbrl/crr/dict/dim" localName="BAS" value="{http://www.eba.europa.eu/xbrl/crr/dict/dom/BA}:x6" axis="y"/>
<dimensionAttributes id="d_MCY_x26_y" namespaceURI="http://www.eba.europa.eu/xbrl/crr/dict/dim" localName="MCY" value="{http://www.eba.europa.eu/xbrl/crr/dict/dom/MC}:x26" axis="y"/>
<dimensionAttributes id="d_RPR_x13_y" namespaceURI="http://www.eba.europa.eu/xbrl/crr/dict/dim" localName="RPR" value="{http://www.eba.europa.eu/xbrl/crr/dict/dom/RP}:x13" axis="y"/>
<dimensionAttributes id="d_RPR_x21_y" namespaceURI="http://www.eba.europa.eu/xbrl/crr/dict/dim" localName="RPR" value="{http://www.eba.europa.eu/xbrl/crr/dict/dom/RP}:x21" axis="y"/>
<dimensionAttributes id="d_MCY_x0_y" namespaceURI="http://www.eba.europa.eu/xbrl/crr/dict/dim" localName="MCY" value="{http://www.eba.europa.eu/xbrl/crr/dict/dom/MC}:x0" axis="y"/>
<dimensionAttributes id="d_CAP_x3_y" namespaceURI="http://www.srb.europa.eu/xbrl/dict/dim" localName="CAP" value="{http://www.srb.europa.eu/xbrl/dict/dom/PM}:x3" axis="y"/>
<dimensionAttributes id="d_RPR_x2_y" namespaceURI="http://www.eba.europa.eu/xbrl/crr/dict/dim" localName="RPR" value="{http://www.srb.europa.eu/xbrl/dict/dom/eba_RP}:x2" axis="y"/>
<dimensionAttributes id="d_OFS_x8_y" namespaceURI="http://www.eba.europa.eu/xbrl/crr/dict/dim" localName="OFS" value="{http://www.eba.europa.eu/xbrl/crr/dict/dom/OF}:x8" axis="y"/>
<dimensionAttributes id="d_CAP_x4_y" namespaceURI="http://www.srb.europa.eu/xbrl/dict/dim" localName="CAP" value="{http://www.srb.europa.eu/xbrl/dict/dom/PM}:x4" axis="y"/>
<dimensionAttributes id="d_BAS_x9_y" namespaceURI="http://www.eba.europa.eu/xbrl/crr/dict/dim" localName="BAS" value="{http://www.eba.europa.eu/xbrl/crr/dict/dom/BA}:x9" axis="y"/>
<dimensionAttributes id="d_MCY_x192_y" namespaceURI="http://www.eba.europa.eu/xbrl/crr/dict/dim" localName="MCY" value="{http://www.eba.europa.eu/xbrl/crr/dict/dom/MC}:x192" axis="y"/>
<dimensionAttributes id="d_MCY_x1_y_1" namespaceURI="http://www.eba.europa.eu/xbrl/crr/dict/dim" localName="MCY" value="{http://www.eba.europa.eu/xbrl/crr/dict/dom/MC}:x1" axis="y"/>
<dimensionAttributes id="d_OFS_x2_y" namespaceURI="http://www.eba.europa.eu/xbrl/crr/dict/dim" localName="OFS" value="{http://www.eba.europa.eu/xbrl/crr/dict/dom/OF}:x2" axis="y"/>
<dimensionAttributes id="d_MCY_x7_y" namespaceURI="http://www.eba.europa.eu/xbrl/crr/dict/dim" localName="MCY" value="{http://www.srb.europa.eu/xbrl/dict/dom/eba_MC}:x7" axis="y"/>
<dimensionAttributes id="d_BAS_x10_y" namespaceURI="http://www.eba.europa.eu/xbrl/crr/dict/dim" localName="BAS" value="{http://www.eba.europa.eu/xbrl/crr/dict/dom/BA}:x10" axis="y"/>
<dimensionAttributes id="d_MCY_x176_y" namespaceURI="http://www.eba.europa.eu/xbrl/crr/dict/dim" localName="MCY" value="{http://www.eba.europa.eu/xbrl/crr/dict/dom/MC}:x176" axis="y"/>
<dimensionAttributes id="d_MCY_x8_y" namespaceURI="http://www.eba.europa.eu/xbrl/crr/dict/dim" localName="MCY" value="{http://www.srb.europa.eu/xbrl/dict/dom/eba_MC}:x8" axis="y"/>
<dimensionAttributes id="d_RPR_x4_y" namespaceURI="http://www.eba.europa.eu/xbrl/crr/dict/dim" localName="RPR" value="{http://www.srb.europa.eu/xbrl/dict/dom/eba_RP}:x4" axis="y"/>
<dimensionAttributes id="d_RPR_x3_y" namespaceURI="http://www.eba.europa.eu/xbrl/crr/dict/dim" localName="RPR" value="{http://www.srb.europa.eu/xbrl/dict/dom/eba_RP}:x3" axis="y"/>
</dimensionAttributesDefinition>
<conceptAttributesDefinition>
<conceptAttributes id="c_filingIndicator_x" value="{http://www.eurofiling.info/xbrl/ext/filing-indicators}:filingIndicator"/>
<conceptAttributes id="c_si168_y" value="{http://www.eba.europa.eu/xbrl/crr/dict/met}:si168" axis="y"/>
<conceptAttributes id="c_si1_y" value="{http://www.srb.europa.eu/xbrl/dict/met}:si1" axis="y"/>
<conceptAttributes id="c_si2_y" value="{http://www.srb.europa.eu/xbrl/dict/met}:si2" axis="y"/>
<conceptAttributes id="c_si3_y" value="{http://www.srb.europa.eu/xbrl/dict/met}:si3" axis="y"/>
<conceptAttributes id="c_ei4_y" value="{http://www.srb.europa.eu/xbrl/dict/met}:ei4" axis="y"/>
<conceptAttributes id="c_si5_y" value="{http://www.srb.europa.eu/xbrl/dict/met}:si5" axis="y"/>
<conceptAttributes id="c_si288_y" value="{http://www.eba.europa.eu/xbrl/crr/dict/met}:si288" axis="y"/>
<conceptAttributes id="c_si289_y" value="{http://www.eba.europa.eu/xbrl/crr/dict/met}:si289" axis="y"/>
<conceptAttributes id="c_si6_y" value="{http://www.srb.europa.eu/xbrl/dict/met}:si6" axis="y"/>
<conceptAttributes id="c_si7_y" value="{http://www.srb.europa.eu/xbrl/dict/met}:si7" axis="y"/>
<conceptAttributes id="c_si8_y" value="{http://www.srb.europa.eu/xbrl/dict/met}:si8" axis="y"/>
<conceptAttributes id="c_si9_y" value="{http://www.srb.europa.eu/xbrl/dict/met}:si9" axis="y"/>
<conceptAttributes id="c_si24_y" value="{http://www.srb.europa.eu/xbrl/dict/met}:si24" axis="y"/>
<conceptAttributes id="c_ei10_y" value="{http://www.srb.europa.eu/xbrl/dict/met}:ei10" axis="y"/>
<conceptAttributes id="c_ei11_y" value="{http://www.srb.europa.eu/xbrl/dict/met}:ei11" axis="y"/>
<conceptAttributes id="c_di13_y" value="{http://www.srb.europa.eu/xbrl/dict/met}:di13" axis="y"/>
<conceptAttributes id="c_di14_y" value="{http://www.srb.europa.eu/xbrl/dict/met}:di14" axis="y"/>
<conceptAttributes id="c_mi53_y" value="{http://www.eba.europa.eu/xbrl/crr/dict/met}:mi53" axis="y"/>
<conceptAttributes id="c_mi81_y" value="{http://www.eba.europa.eu/xbrl/crr/dict/met}:mi81" axis="y"/>
<conceptAttributes id="c_ei12_y" value="{http://www.srb.europa.eu/xbrl/dict/met}:ei12" axis="y"/>
<conceptAttributes id="c_mi53_x" value="{http://www.eba.europa.eu/xbrl/crr/dict/met}:mi53" axis="x"/>
<conceptAttributes id="c_pi15_y" value="{http://www.srb.europa.eu/xbrl/dict/met}:pi15" axis="y"/>
<conceptAttributes id="c_ei16_y" value="{http://www.srb.europa.eu/xbrl/dict/met}:ei16" axis="y"/>
<conceptAttributes id="c_pi314_y" value="{http://www.eba.europa.eu/xbrl/crr/dict/met}:pi314" axis="y"/>
<conceptAttributes id="c_ei17_y" value="{http://www.srb.europa.eu/xbrl/dict/met}:ei17" axis="y"/>
<conceptAttributes id="c_mi237_y" value="{http://www.eba.europa.eu/xbrl/crr/dict/met}:mi237" axis="y"/>
<conceptAttributes id="c_pi317_y" value="{http://www.eba.europa.eu/xbrl/crr/dict/met}:pi317" axis="y"/>
<conceptAttributes id="c_pi18_y" value="{http://www.srb.europa.eu/xbrl/dict/met}:pi18" axis="y"/>
<conceptAttributes id="c_mi235_y" value="{http://www.eba.europa.eu/xbrl/crr/dict/met}:mi235" axis="y"/>
<conceptAttributes id="c_pi19_y" value="{http://www.srb.europa.eu/xbrl/dict/met}:pi19" axis="y"/>
<conceptAttributes id="c_pi20_y" value="{http://www.srb.europa.eu/xbrl/dict/met}:pi20" axis="y"/>
<conceptAttributes id="c_pi21_y" value="{http://www.srb.europa.eu/xbrl/dict/met}:pi21" axis="y"/>
<conceptAttributes id="c_mi287_y" value="{http://www.eba.europa.eu/xbrl/crr/dict/met}:mi287" axis="y"/>
<conceptAttributes id="c_mi119_y" value="{http://www.eba.europa.eu/xbrl/crr/dict/met}:mi119" axis="y"/>
<conceptAttributes id="c_si22_y" value="{http://www.srb.europa.eu/xbrl/dict/met}:si22" axis="y"/>
</conceptAttributesDefinition>
<otherAttributesDefinition>
<otherAttribute id="o0_13_3" converter="conv1_13_3_2" namespaceURI="http://www.eurofiling.info/xbrl/ext/filing-indicators" localName="filed">
<sheetMapLocation sheetNumber="0" row="13" column="3"/>
</otherAttribute>
<otherAttribute id="o0_18_3" converter="conv6_18_3_2" namespaceURI="http://www.eurofiling.info/xbrl/ext/filing-indicators" localName="filed">
<sheetMapLocation sheetNumber="0" row="18" column="3"/>
</otherAttribute>
<otherAttribute id="o0_21_3" converter="conv9_21_3_2" namespaceURI="http://www.eurofiling.info/xbrl/ext/filing-indicators" localName="filed">
<sheetMapLocation sheetNumber="0" row="21" column="3"/>
</otherAttribute>
<otherAttribute id="o0_28_3" converter="conv16_28_3_2" namespaceURI="http://www.eurofiling.info/xbrl/ext/filing-indicators" localName="filed">
<sheetMapLocation sheetNumber="0" row="28" column="3"/>
</otherAttribute>
</otherAttributesDefinition>
<unitAttributesDefinition/>
</xbrlInformation>
<converterDefinition>
<valueMapConverter id="conv1_13_3">
<valueMap in="negative" out="f_01"/>
<valueMap in="positive" out="f_01"/>
</valueMapConverter>
<valueMapConverter id="conv1_13_3_2">
<valueMap in="negative" out="false"/>
<valueMap in="positive" out="true"/>
</valueMapConverter>
<valueMapConverter id="conv6_18_3">
<valueMap in="negative" out="f_02"/>
<valueMap in="positive" out="f_02"/>
</valueMapConverter>
<valueMapConverter id="conv6_18_3_2">
<valueMap in="negative" out="false"/>
<valueMap in="positive" out="true"/>
</valueMapConverter>
<multiplyConverter scaleFactor="1" ratio="1" id="conv6_6_3"/>
<valueMapConverter id="conv9_21_3">
<valueMap in="negative" out="f_03"/>
<valueMap in="positive" out="f_03"/>
</valueMapConverter>
<valueMapConverter id="conv9_21_3_2">
<valueMap in="negative" out="false"/>
<valueMap in="positive" out="true"/>
</valueMapConverter>
<valueMapConverter id="conv16_28_3">
<valueMap in="negative" out="f_04"/>
<valueMap in="positive" out="f_04"/>
</valueMapConverter>
<valueMapConverter id="conv16_28_3_2">
<valueMap in="negative" out="false"/>
<valueMap in="positive" out="true"/>
</valueMapConverter>
</converterDefinition>
<mappingDefinition>
<repeatMapping>
<sheetRepeatMappingInformation sheetNumber="0" row="13" column="3" rowSize="17" columnSize="1" defaultMaxRepeatCount="1" allowExtension="false" ignoreEmptyData="true" repeatDirection="row"/>
<tupleMappingInformation namespaceURI="http://www.eurofiling.info/xbrl/ext/filing-indicators" name="fIndicators"/>
<mapping converter="conv1_13_3">
<sheetMapLocation sheetNumber="0" row="13" column="3"/>
<aspectLocation duplicateFactAllowed="true">
<concept ref="c_filingIndicator_x"/>
<otherAttr ref="o0_13_3"/>
</aspectLocation>
</mapping>
<mapping converter="conv6_18_3">
<sheetMapLocation sheetNumber="0" row="18" column="3"/>
<aspectLocation duplicateFactAllowed="true">
<concept ref="c_filingIndicator_x"/>
<otherAttr ref="o0_18_3"/>
</aspectLocation>
</mapping>
<mapping converter="conv9_21_3">
<sheetMapLocation sheetNumber="0" row="21" column="3"/>
<aspectLocation duplicateFactAllowed="true">
<concept ref="c_filingIndicator_x"/>
<otherAttr ref="o0_21_3"/>
</aspectLocation>
</mapping>
<mapping converter="conv16_28_3">
<sheetMapLocation sheetNumber="0" row="28" column="3"/>
<aspectLocation duplicateFactAllowed="true">
<concept ref="c_filingIndicator_x"/>
<otherAttr ref="o0_28_3"/>
</aspectLocation>
</mapping>
</repeatMapping>
<mapping>
<sheetMapLocation sheetNumber="1" row="6" column="3"/>
<aspectLocation factAttributes="attr1_6_3">
<specialValueMappingMode value="" mode="ignore"/>
<concept ref="c_si168_y"/>
<dimension ref="d_BAS_x17_x"/>
</aspectLocation>
</mapping>
<mapping>
<sheetMapLocation sheetNumber="1" row="7" column="3"/>
<aspectLocation factAttributes="attr1_6_3">
<specialValueMappingMode value="" mode="ignore"/>
<concept ref="c_si1_y"/>
<dimension ref="d_BAS_x17_x"/>
</aspectLocation>
</mapping>
<mapping>
<sheetMapLocation sheetNumber="1" row="8" column="3"/>
<aspectLocation factAttributes="attr1_6_3">
<specialValueMappingMode value="" mode="ignore"/>
<concept ref="c_si2_y"/>
<dimension ref="d_BAS_x17_x"/>
</aspectLocation>
</mapping>
<mapping>
<sheetMapLocation sheetNumber="1" row="9" column="3"/>
<aspectLocation factAttributes="attr1_6_3">
<specialValueMappingMode value="" mode="ignore"/>
<concept ref="c_si3_y"/>
<dimension ref="d_BAS_x17_x"/>
</aspectLocation>
</mapping>
<mapping>
<sheetMapLocation sheetNumber="1" row="10" column="3"/>
<aspectLocation factAttributes="attr1_6_3">
<specialValueMappingMode value="" mode="ignore"/>
<concept ref="c_ei4_y"/>
<dimension ref="d_BAS_x17_x"/>
</aspectLocation>
</mapping>
<mapping>
<sheetMapLocation sheetNumber="1" row="11" column="3"/>
<aspectLocation factAttributes="attr1_6_3">
<specialValueMappingMode value="" mode="ignore"/>
<concept ref="c_si5_y"/>
<dimension ref="d_BAS_x17_x"/>
</aspectLocation>
</mapping>
<mapping>
<sheetMapLocation sheetNumber="1" row="12" column="3"/>
<aspectLocation factAttributes="attr1_6_3">
<specialValueMappingMode value="" mode="ignore"/>
<concept ref="c_si288_y"/>
<dimension ref="d_BAS_x17_x"/>
</aspectLocation>
</mapping>
<mapping>
<sheetMapLocation sheetNumber="1" row="13" column="3"/>
<aspectLocation factAttributes="attr1_6_3">
<specialValueMappingMode value="" mode="ignore"/>
<concept ref="c_si289_y"/>
<dimension ref="d_BAS_x17_x"/>
</aspectLocation>
</mapping>
<mapping>
<sheetMapLocation sheetNumber="2" row="6" column="3"/>
<aspectLocation factAttributes="attr1_6_3">
<specialValueMappingMode value="" mode="ignore"/>
<concept ref="c_si6_y"/>
<dimension ref="d_BAS_x17_x"/>
</aspectLocation>
</mapping>
<mapping>
<sheetMapLocation sheetNumber="2" row="7" column="3"/>
<aspectLocation factAttributes="attr1_6_3">
<specialValueMappingMode value="" mode="ignore"/>
<concept ref="c_si7_y"/>
<dimension ref="d_BAS_x17_x"/>
</aspectLocation>
</mapping>
<mapping>
<sheetMapLocation sheetNumber="2" row="8" column="3"/>
<aspectLocation factAttributes="attr1_6_3">
<specialValueMappingMode value="" mode="ignore"/>
<concept ref="c_si8_y"/>
<dimension ref="d_BAS_x17_x"/>
</aspectLocation>
</mapping>
<mapping>
<sheetMapLocation sheetNumber="2" row="9" column="3"/>
<aspectLocation factAttributes="attr1_6_3">
<specialValueMappingMode value="" mode="ignore"/>
<concept ref="c_si9_y"/>
<dimension ref="d_BAS_x17_x"/>
</aspectLocation>
</mapping>
<mapping>
<sheetMapLocation sheetNumber="2" row="10" column="3"/>
<aspectLocation factAttributes="attr1_6_3">
<specialValueMappingMode value="" mode="ignore"/>
<concept ref="c_si24_y"/>
<dimension ref="d_BAS_x17_x"/>
</aspectLocation>
</mapping>
<mapping>
<sheetMapLocation sheetNumber="3" row="6" column="3"/>
<aspectLocation factAttributes="attr1_6_3">
<specialValueMappingMode value="" mode="ignore"/>
<concept ref="c_ei10_y"/>
<dimension ref="d_BAS_x17_x d_RET_x1_y d_CAP_x0_y d_TYA_x0_y d_RPR_x0_y"/>
</aspectLocation>
</mapping>
<mapping>
<sheetMapLocation sheetNumber="3" row="7" column="3"/>
<aspectLocation factAttributes="attr1_6_3">
<specialValueMappingMode value="" mode="ignore"/>
<concept ref="c_ei10_y"/>
<dimension ref="d_BAS_x17_x d_CAP_x0_y d_RET_x2_y"/>
</aspectLocation>
</mapping>
<mapping>
<sheetMapLocation sheetNumber="3" row="8" column="3"/>
<aspectLocation factAttributes="attr1_6_3">
<specialValueMappingMode value="" mode="ignore"/>
<concept ref="c_ei10_y"/>
<dimension ref="d_BAS_x17_x d_RPR_x26_y"/>
</aspectLocation>
</mapping>
<mapping>
<sheetMapLocation sheetNumber="3" row="9" column="3"/>
<aspectLocation factAttributes="attr1_6_3">
<specialValueMappingMode value="" mode="ignore"/>
<concept ref="c_ei11_y"/>
<dimension ref="d_BAS_x17_x d_CAP_x1_y"/>
</aspectLocation>
</mapping>
<mapping>
<sheetMapLocation sheetNumber="3" row="10" column="3"/>
<aspectLocation factAttributes="attr1_6_3">
<specialValueMappingMode value="" mode="ignore"/>
<concept ref="c_ei10_y"/>
<dimension ref="d_BAS_x17_x d_RET_x3_y"/>
</aspectLocation>
</mapping>
<mapping>
<sheetMapLocation sheetNumber="3" row="11" column="3"/>
<aspectLocation factAttributes="attr1_6_3">
<specialValueMappingMode value="" mode="ignore"/>
<concept ref="c_ei10_y"/>
<dimension ref="d_BAS_x17_x d_RET_x4_y"/>
</aspectLocation>
</mapping>
<mapping>
<sheetMapLocation sheetNumber="3" row="12" column="3"/>
<aspectLocation factAttributes="attr1_6_3">
<specialValueMappingMode value="" mode="ignore"/>
<concept ref="c_ei10_y"/>
<dimension ref="d_BAS_x17_x d_RET_x5_y"/>
</aspectLocation>
</mapping>
<mapping>
<sheetMapLocation sheetNumber="3" row="13" column="3"/>
<aspectLocation factAttributes="attr1_6_3">
<specialValueMappingMode value="" mode="ignore"/>
<concept ref="c_ei10_y"/>
<dimension ref="d_BAS_x17_x d_RET_x5_y d_CAP_x2_y"/>
</aspectLocation>
</mapping>
<mapping>
<sheetMapLocation sheetNumber="3" row="14" column="3"/>
<aspectLocation factAttributes="attr1_6_3">
<specialValueMappingMode value="" mode="ignore"/>
<concept ref="c_ei10_y"/>
<dimension ref="d_BAS_x17_x d_TYA_x1_y"/>
</aspectLocation>
</mapping>
<mapping>
<sheetMapLocation sheetNumber="3" row="15" column="3"/>
<aspectLocation factAttributes="attr1_6_3">
<specialValueMappingMode value="" mode="ignore"/>
<concept ref="c_ei10_y"/>
<dimension ref="d_BAS_x17_x d_RET_x6_y"/>
</aspectLocation>
</mapping>
<mapping>
<sheetMapLocation sheetNumber="4" row="6" column="3"/>
<aspectLocation factAttributes="attr1_6_3">
<specialValueMappingMode value="" mode="ignore"/>
<concept ref="c_di13_y"/>
<dimension ref="d_BAS_x17_y"/>
</aspectLocation>
</mapping>
<mapping>
<sheetMapLocation sheetNumber="4" row="7" column="3"/>
<aspectLocation factAttributes="attr1_6_3">
<specialValueMappingMode value="" mode="ignore"/>
<concept ref="c_ei10_y"/>
<dimension ref="d_BAS_x17_y d_RPR_x1_y d_REF_x1_y"/>
</aspectLocation>
</mapping>
<mapping>
<sheetMapLocation sheetNumber="5" row="6" column="3"/>
<aspectLocation factAttributes="attr1_6_3">
<specialValueMappingMode value="" mode="ignore"/>
<concept ref="c_di14_y"/>
<dimension ref="d_BAS_x17_y"/>
</aspectLocation>
</mapping>
<mapping converter="conv6_6_3">
<sheetMapLocation sheetNumber="6" row="6" column="3"/>
<aspectLocation factAttributes="attr6_6_3">
<specialValueMappingMode value="" mode="ignore"/>
<concept ref="c_mi53_y"/>
<dimension ref="d_BAS_x7_y d_DEF_x1_y"/>
</aspectLocation>
</mapping>
<mapping converter="conv6_6_3">
<sheetMapLocation sheetNumber="6" row="7" column="3"/>
<aspectLocation factAttributes="attr6_6_3">
<specialValueMappingMode value="" mode="ignore"/>
<concept ref="c_mi81_y"/>
<dimension ref="d_BAS_x11_y d_DEF_x0_y d_MCY_x275_y d_OFS_x10_y"/>
</aspectLocation>
</mapping>
<mapping converter="conv6_6_3">
<sheetMapLocation sheetNumber="6" row="8" column="3"/>
<aspectLocation factAttributes="attr6_6_3">
<specialValueMappingMode value="" mode="ignore"/>
<concept ref="c_mi53_y"/>
<dimension ref="d_BAS_x7_y d_MCY_x135_y d_DEF_x2_y d_RET_x1_y"/>
</aspectLocation>
</mapping>
<mapping>
<sheetMapLocation sheetNumber="7" row="6" column="3"/>
<aspectLocation factAttributes="attr1_6_3">
<specialValueMappingMode value="" mode="ignore"/>
<concept ref="c_ei12_y"/>
<dimension ref="d_BAS_x17_x d_RET_x7_y d_CAP_x0_y d_RPE_x0_y d_CTR_x1_y"/>
</aspectLocation>
</mapping>
<mapping>
<sheetMapLocation sheetNumber="7" row="7" column="3"/>
<aspectLocation factAttributes="attr1_6_3">
<specialValueMappingMode value="" mode="ignore"/>
<concept ref="c_ei11_y"/>
<dimension ref="d_BAS_x17_x d_RET_x7_y d_CAP_x0_y d_RPE_x0_y d_CTR_x2_y"/>
</aspectLocation>
</mapping>
<mapping converter="conv6_6_3">
<sheetMapLocation sheetNumber="8" row="6" column="3"/>
<aspectLocation factAttributes="attr6_6_3">
<specialValueMappingMode value="" mode="ignore"/>
<concept ref="c_mi53_x"/>
<dimension ref="d_BAS_x7_x d_MCY_x2_y"/>
</aspectLocation>
</mapping>
<mapping converter="conv6_6_3">
<sheetMapLocation sheetNumber="8" row="7" column="3"/>
<aspectLocation factAttributes="attr6_6_3">
<specialValueMappingMode value="" mode="ignore"/>
<concept ref="c_mi53_x"/>
<dimension ref="d_BAS_x7_x d_MCY_x5_y"/>
</aspectLocation>
</mapping>
<mapping converter="conv6_6_3">
<sheetMapLocation sheetNumber="8" row="8" column="3"/>
<aspectLocation factAttributes="attr6_6_3">
<specialValueMappingMode value="" mode="ignore"/>
<concept ref="c_mi53_x"/>
<dimension ref="d_BAS_x7_x d_MCY_x6_y"/>
</aspectLocation>
</mapping>
<mapping converter="conv6_6_3">
<sheetMapLocation sheetNumber="8" row="9" column="3"/>
<aspectLocation factAttributes="attr6_6_3">
<specialValueMappingMode value="" mode="ignore"/>
<concept ref="c_mi53_x"/>
<dimension ref="d_BAS_x7_x d_MCY_x1_y"/>
</aspectLocation>
</mapping>
<mapping converter="conv6_6_3">
<sheetMapLocation sheetNumber="8" row="10" column="3"/>
<aspectLocation factAttributes="attr6_6_3">
<specialValueMappingMode value="" mode="ignore"/>
<concept ref="c_mi53_x"/>
<dimension ref="d_BAS_x7_x d_MCY_x3_y"/>
</aspectLocation>
</mapping>
<mapping converter="conv6_6_3">
<sheetMapLocation sheetNumber="8" row="11" column="3"/>
<aspectLocation factAttributes="attr6_6_3">
<specialValueMappingMode value="" mode="ignore"/>
<concept ref="c_mi53_x"/>
<dimension ref="d_BAS_x7_x d_MCY_x4_y"/>
</aspectLocation>
</mapping>
<mapping converter="conv6_6_3">
<sheetMapLocation sheetNumber="9" row="7" column="5"/>
<aspectLocation factAttributes="attr6_6_3">
<specialValueMappingMode value="" mode="ignore"/>
<concept ref="c_mi53_y"/>
<dimension ref="d_MCY_x2_y d_BAS_x7_y"/>
</aspectLocation>
</mapping>
<mapping converter="conv6_6_3">
<sheetMapLocation sheetNumber="9" row="8" column="5"/>
<aspectLocation factAttributes="attr6_6_3">
<specialValueMappingMode value="" mode="ignore"/>
<concept ref="c_mi53_y"/>
<dimension ref="d_TYA_x10_y d_MCY_x2_y d_BAS_x7_y"/>
</aspectLocation>
</mapping>
<mapping converter="conv6_6_3">
<sheetMapLocation sheetNumber="9" row="9" column="5"/>
<aspectLocation factAttributes="attr6_6_3">
<specialValueMappingMode value="" mode="ignore"/>
<concept ref="c_mi53_y"/>
<dimension ref="d_TYA_x1_y_1 d_MCY_x2_y d_BAS_x7_y"/>
</aspectLocation>
</mapping>
<mapping converter="conv6_6_3">
<sheetMapLocation sheetNumber="9" row="10" column="5"/>
<aspectLocation factAttributes="attr9_10_5">
<specialValueMappingMode value="" mode="ignore"/>
<concept ref="c_pi15_y"/>
<dimension ref="d_BAS_x17_y"/>
</aspectLocation>
</mapping>
<mapping converter="conv6_6_3">
<sheetMapLocation sheetNumber="9" row="11" column="5"/>
<aspectLocation factAttributes="attr6_6_3">
<specialValueMappingMode value="" mode="ignore"/>
<concept ref="c_mi53_y"/>
<dimension ref="d_BAS_x7_y d_MCY_x4_y d_TYA_x10_y d_DEF_x8_y"/>
</aspectLocation>
</mapping>
<mapping converter="conv6_6_3">
<sheetMapLocation sheetNumber="9" row="13" column="5"/>
<aspectLocation factAttributes="attr6_6_3">
<specialValueMappingMode value="" mode="ignore"/>
<concept ref="c_mi53_y"/>
<dimension ref="d_BAS_x7_y d_TYA_x10_y"/>
</aspectLocation>
</mapping>
<mapping converter="conv6_6_3">
<sheetMapLocation sheetNumber="9" row="14" column="5"/>
<aspectLocation factAttributes="attr6_6_3">
<specialValueMappingMode value="" mode="ignore"/>
<concept ref="c_mi53_y"/>
<dimension ref="d_MCY_x99_y d_BAS_x7_y d_TYA_x10_y"/>
</aspectLocation>
</mapping>
<mapping converter="conv6_6_3">
<sheetMapLocation sheetNumber="9" row="15" column="5"/>
<aspectLocation factAttributes="attr6_6_3">
<specialValueMappingMode value="" mode="ignore"/>
<concept ref="c_mi53_y"/>
<dimension ref="d_MCY_x157_y d_BAS_x7_y d_TYA_x10_y"/>
</aspectLocation>
</mapping>
<mapping converter="conv6_6_3">
<sheetMapLocation sheetNumber="9" row="16" column="5"/>
<aspectLocation factAttributes="attr6_6_3">
<specialValueMappingMode value="" mode="ignore"/>
<concept ref="c_mi53_y"/>
<dimension ref="d_BAS_x7_y d_DEF_x5_y d_TYA_x10_y"/>
</aspectLocation>
</mapping>
<mapping converter="conv6_6_3">
<sheetMapLocation sheetNumber="10" row="7" column="5"/>
<aspectLocation factAttributes="attr6_6_3">
<specialValueMappingMode value="" mode="ignore"/>
<concept ref="c_mi53_y"/>
<dimension ref="d_MCY_x2_y d_BAS_x7_y"/>
</aspectLocation>
</mapping>
<mapping converter="conv6_6_3">
<sheetMapLocation sheetNumber="10" row="8" column="5"/>
<aspectLocation factAttributes="attr6_6_3">
<specialValueMappingMode value="" mode="ignore"/>
<concept ref="c_mi53_y"/>
<dimension ref="d_TYA_x2_y d_RET_x4_y d_MCY_x2_y d_BAS_x7_y"/>
</aspectLocation>
</mapping>
<mapping converter="conv6_6_3">
<sheetMapLocation sheetNumber="10" row="9" column="5"/>
<aspectLocation factAttributes="attr6_6_3">
<specialValueMappingMode value="" mode="ignore"/>
<concept ref="c_mi53_y"/>
<dimension ref="d_TYA_x3_y d_RET_x4_y d_MCY_x2_y d_BAS_x7_y"/>
</aspectLocation>
</mapping>
<mapping converter="conv6_6_3">
<sheetMapLocation sheetNumber="10" row="10" column="5"/>
<aspectLocation factAttributes="attr9_10_5">
<specialValueMappingMode value="" mode="ignore"/>
<concept ref="c_pi15_y"/>
<dimension ref="d_BAS_x17_y"/>
</aspectLocation>
</mapping>
<mapping converter="conv6_6_3">
<sheetMapLocation sheetNumber="10" row="11" column="5"/>
<aspectLocation factAttributes="attr6_6_3">
<specialValueMappingMode value="" mode="ignore"/>
<concept ref="c_mi53_y"/>
<dimension ref="d_BAS_x7_y d_MCY_x4_y d_DEF_x8_y d_TYA_x2_y d_RET_x4_y"/>
</aspectLocation>
</mapping>
<mapping converter="conv6_6_3">
<sheetMapLocation sheetNumber="10" row="13" column="5"/>
<aspectLocation factAttributes="attr6_6_3">
<specialValueMappingMode value="" mode="ignore"/>
<concept ref="c_mi53_y"/>
<dimension ref="d_BAS_x7_y d_TYA_x2_y d_RET_x4_y"/>
</aspectLocation>
</mapping>
<mapping converter="conv6_6_3">
<sheetMapLocation sheetNumber="10" row="14" column="5"/>
<aspectLocation factAttributes="attr6_6_3">
<specialValueMappingMode value="" mode="ignore"/>
<concept ref="c_mi53_y"/>
<dimension ref="d_MCY_x99_y d_BAS_x7_y d_TYA_x2_y d_RET_x4_y"/>
</aspectLocation>
</mapping>
<mapping converter="conv6_6_3">
<sheetMapLocation sheetNumber="10" row="15" column="5"/>
<aspectLocation factAttributes="attr6_6_3">
<specialValueMappingMode value="" mode="ignore"/>
<concept ref="c_mi53_y"/>
<dimension ref="d_MCY_x157_y d_BAS_x7_y d_TYA_x2_y d_RET_x4_y"/>
</aspectLocation>
</mapping>
<mapping converter="conv6_6_3">
<sheetMapLocation sheetNumber="10" row="16" column="5"/>
<aspectLocation factAttributes="attr6_6_3">
<specialValueMappingMode value="" mode="ignore"/>
<concept ref="c_mi53_y"/>
<dimension ref="d_BAS_x7_y d_TYA_x2_y d_DEF_x5_y d_RET_x4_y"/>
</aspectLocation>
</mapping>
<mapping converter="conv6_6_3">
<sheetMapLocation sheetNumber="11" row="7" column="5"/>
<aspectLocation factAttributes="attr6_6_3">
<specialValueMappingMode value="" mode="ignore"/>
<concept ref="c_mi53_y"/>
<dimension ref="d_MCY_x2_y d_BAS_x7_y"/>
</aspectLocation>
</mapping>
<mapping converter="conv6_6_3">
<sheetMapLocation sheetNumber="11" row="8" column="5"/>
<aspectLocation factAttributes="attr6_6_3">
<specialValueMappingMode value="" mode="ignore"/>
<concept ref="c_mi53_y"/>
<dimension ref="d_TYA_x4_y d_RET_x5_y d_MCY_x2_y d_BAS_x7_y"/>
</aspectLocation>
</mapping>
<mapping converter="conv6_6_3">
<sheetMapLocation sheetNumber="11" row="9" column="5"/>
<aspectLocation factAttributes="attr6_6_3">
<specialValueMappingMode value="" mode="ignore"/>
<concept ref="c_mi53_y"/>
<dimension ref="d_TYA_x5_y d_RET_x5_y d_MCY_x2_y d_BAS_x7_y"/>
</aspectLocation>
</mapping>
<mapping converter="conv6_6_3">
<sheetMapLocation sheetNumber="11" row="10" column="5"/>
<aspectLocation factAttributes="attr9_10_5">
<specialValueMappingMode value="" mode="ignore"/>
<concept ref="c_pi15_y"/>
<dimension ref="d_BAS_x17_y"/>
</aspectLocation>
</mapping>
<mapping converter="conv6_6_3">
<sheetMapLocation sheetNumber="11" row="11" column="5"/>
<aspectLocation factAttributes="attr6_6_3">
<specialValueMappingMode value="" mode="ignore"/>
<concept ref="c_mi53_y"/>
<dimension ref="d_BAS_x7_y d_MCY_x4_y d_DEF_x8_y d_TYA_x4_y d_RET_x5_y"/>
</aspectLocation>
</mapping>
<mapping converter="conv6_6_3">
<sheetMapLocation sheetNumber="11" row="13" column="5"/>
<aspectLocation factAttributes="attr6_6_3">
<specialValueMappingMode value="" mode="ignore"/>
<concept ref="c_mi53_y"/>
<dimension ref="d_BAS_x7_y d_TYA_x4_y d_RET_x5_y"/>
</aspectLocation>
</mapping>
<mapping converter="conv6_6_3">
<sheetMapLocation sheetNumber="11" row="14" column="5"/>
<aspectLocation factAttributes="attr6_6_3">
<specialValueMappingMode value="" mode="ignore"/>
<concept ref="c_mi53_y"/>
<dimension ref="d_MCY_x99_y d_BAS_x7_y d_TYA_x4_y d_RET_x5_y"/>
</aspectLocation>
</mapping>
<mapping converter="conv6_6_3">
<sheetMapLocation sheetNumber="11" row="15" column="5"/>
<aspectLocation factAttributes="attr6_6_3">
<specialValueMappingMode value="" mode="ignore"/>
<concept ref="c_mi53_y"/>
<dimension ref="d_MCY_x157_y d_BAS_x7_y d_TYA_x4_y d_RET_x5_y"/>
</aspectLocation>
</mapping>
<mapping converter="conv6_6_3">
<sheetMapLocation sheetNumber="11" row="16" column="5"/>
<aspectLocation factAttributes="attr6_6_3">
<specialValueMappingMode value="" mode="ignore"/>
<concept ref="c_mi53_y"/>
<dimension ref="d_BAS_x7_y d_TYA_x4_y d_DEF_x5_y d_RET_x5_y"/>
</aspectLocation>
</mapping>
<mapping converter="conv6_6_3">
<sheetMapLocation sheetNumber="12" row="7" column="5"/>
<aspectLocation factAttributes="attr6_6_3">
<specialValueMappingMode value="" mode="ignore"/>
<concept ref="c_mi53_y"/>
<dimension ref="d_MCY_x2_y d_BAS_x7_y"/>
</aspectLocation>
</mapping>
<mapping converter="conv6_6_3">
<sheetMapLocation sheetNumber="12" row="8" column="5"/>
<aspectLocation factAttributes="attr6_6_3">
<specialValueMappingMode value="" mode="ignore"/>
<concept ref="c_mi53_y"/>
<dimension ref="d_TYA_x1_y d_RET_x0_y d_MCY_x2_y d_BAS_x7_y"/>
</aspectLocation>
</mapping>
<mapping converter="conv6_6_3">
<sheetMapLocation sheetNumber="12" row="9" column="5"/>
<aspectLocation factAttributes="attr6_6_3">
<specialValueMappingMode value="" mode="ignore"/>
<concept ref="c_mi53_y"/>
<dimension ref="d_TYA_x6_y d_RET_x0_y d_MCY_x2_y d_BAS_x7_y"/>
</aspectLocation>
</mapping>
<mapping converter="conv6_6_3">
<sheetMapLocation sheetNumber="12" row="10" column="5"/>
<aspectLocation factAttributes="attr9_10_5">
<specialValueMappingMode value="" mode="ignore"/>
<concept ref="c_pi15_y"/>
<dimension ref="d_BAS_x17_y"/>
</aspectLocation>
</mapping>
<mapping converter="conv6_6_3">
<sheetMapLocation sheetNumber="12" row="11" column="5"/>
<aspectLocation factAttributes="attr6_6_3">
<specialValueMappingMode value="" mode="ignore"/>
<concept ref="c_mi53_y"/>
<dimension ref="d_BAS_x7_y d_MCY_x4_y d_DEF_x8_y d_TYA_x1_y d_RET_x0_y"/>
</aspectLocation>
</mapping>
<mapping converter="conv6_6_3">
<sheetMapLocation sheetNumber="12" row="13" column="5"/>
<aspectLocation factAttributes="attr6_6_3">
<specialValueMappingMode value="" mode="ignore"/>
<concept ref="c_mi53_y"/>
<dimension ref="d_BAS_x7_y d_TYA_x1_y d_RET_x0_y"/>
</aspectLocation>
</mapping>
<mapping converter="conv6_6_3">
<sheetMapLocation sheetNumber="12" row="14" column="5"/>
<aspectLocation factAttributes="attr6_6_3">
<specialValueMappingMode value="" mode="ignore"/>
<concept ref="c_mi53_y"/>
<dimension ref="d_MCY_x99_y d_BAS_x7_y d_TYA_x1_y d_RET_x0_y"/>
</aspectLocation>
</mapping>
<mapping converter="conv6_6_3">
<sheetMapLocation sheetNumber="12" row="15" column="5"/>
<aspectLocation factAttributes="attr6_6_3">
<specialValueMappingMode value="" mode="ignore"/>
<concept ref="c_mi53_y"/>
<dimension ref="d_MCY_x157_y d_BAS_x7_y d_TYA_x1_y d_RET_x0_y"/>
</aspectLocation>
</mapping>
<mapping converter="conv6_6_3">
<sheetMapLocation sheetNumber="12" row="16" column="5"/>
<aspectLocation factAttributes="attr6_6_3">
<specialValueMappingMode value="" mode="ignore"/>
<concept ref="c_mi53_y"/>
<dimension ref="d_BAS_x7_y d_TYA_x1_y d_DEF_x5_y d_RET_x0_y"/>
</aspectLocation>
</mapping>
<mapping converter="conv6_6_3">
<sheetMapLocation sheetNumber="13" row="7" column="5"/>
<aspectLocation factAttributes="attr6_6_3">
<specialValueMappingMode value="" mode="ignore"/>
<concept ref="c_mi53_y"/>
<dimension ref="d_BAS_x7_y d_MCY_x2_y"/>
</aspectLocation>
</mapping>
<mapping converter="conv6_6_3">
<sheetMapLocation sheetNumber="13" row="8" column="5"/>
<aspectLocation factAttributes="attr6_6_3">
<specialValueMappingMode value="" mode="ignore"/>
<concept ref="c_mi53_y"/>
<dimension ref="d_DEF_x6_y d_RPR_x26_y d_BAS_x7_y d_MCY_x2_y"/>
</aspectLocation>
</mapping>
<mapping converter="conv6_6_3">
<sheetMapLocation sheetNumber="13" row="9" column="5"/>
<aspectLocation factAttributes="attr6_6_3">
<specialValueMappingMode value="" mode="ignore"/>
<concept ref="c_mi53_y"/>
<dimension ref="d_DEF_x7_y d_RPR_x26_y d_BAS_x7_y d_MCY_x2_y"/>
</aspectLocation>
</mapping>
<mapping converter="conv6_6_3">
<sheetMapLocation sheetNumber="13" row="10" column="5"/>
<aspectLocation factAttributes="attr9_10_5">
<specialValueMappingMode value="" mode="ignore"/>
<concept ref="c_pi15_y"/>
<dimension ref="d_BAS_x17_y"/>
</aspectLocation>
</mapping>
<mapping converter="conv6_6_3">
<sheetMapLocation sheetNumber="13" row="11" column="5"/>
<aspectLocation factAttributes="attr6_6_3">
<specialValueMappingMode value="" mode="ignore"/>
<concept ref="c_mi53_y"/>
<dimension ref="d_BAS_x7_y d_MCY_x4_y d_DEF_x8_y d_RPR_x26_y"/>
</aspectLocation>
</mapping>
<mapping converter="conv6_6_3">
<sheetMapLocation sheetNumber="13" row="13" column="5"/>
<aspectLocation factAttributes="attr6_6_3">
<specialValueMappingMode value="" mode="ignore"/>
<concept ref="c_mi53_y"/>
<dimension ref="d_RPR_x26_y d_BAS_x7_y d_DEF_x6_y"/>
</aspectLocation>
</mapping>
<mapping converter="conv6_6_3">
<sheetMapLocation sheetNumber="13" row="14" column="5"/>
<aspectLocation factAttributes="attr6_6_3">
<specialValueMappingMode value="" mode="ignore"/>
<concept ref="c_mi53_y"/>
<dimension ref="d_MCY_x99_y d_RPR_x26_y d_BAS_x7_y d_DEF_x6_y"/>
</aspectLocation>
</mapping>
<mapping converter="conv6_6_3">
<sheetMapLocation sheetNumber="13" row="15" column="5"/>
<aspectLocation factAttributes="attr6_6_3">
<specialValueMappingMode value="" mode="ignore"/>
<concept ref="c_mi53_y"/>
<dimension ref="d_MCY_x157_y d_RPR_x26_y d_BAS_x7_y d_DEF_x6_y"/>
</aspectLocation>
</mapping>
<mapping converter="conv6_6_3">
<sheetMapLocation sheetNumber="13" row="16" column="5"/>
<aspectLocation factAttributes="attr6_6_3">
<specialValueMappingMode value="" mode="ignore"/>
<concept ref="c_mi53_y"/>
<dimension ref="d_DEF_x8_y d_BAS_x7_y d_RPR_x26_y"/>
</aspectLocation>
</mapping>
<mapping converter="conv6_6_3">
<sheetMapLocation sheetNumber="13" row="18" column="5"/>
<aspectLocation factAttributes="attr6_6_3">
<specialValueMappingMode value="" mode="ignore"/>
<concept ref="c_mi53_y"/>
<dimension ref="d_BAS_x6_y d_RPR_x26_y d_DEF_x6_y"/>
</aspectLocation>
</mapping>
<mapping converter="conv6_6_3">
<sheetMapLocation sheetNumber="13" row="19" column="5"/>
<aspectLocation factAttributes="attr6_6_3">
<specialValueMappingMode value="" mode="ignore"/>
<concept ref="c_mi53_y"/>
<dimension ref="d_BAS_x6_y d_RPR_x26_y d_DEF_x8_y"/>
</aspectLocation>
</mapping>
<mapping converter="conv6_6_3">
<sheetMapLocation sheetNumber="13" row="21" column="5"/>
<aspectLocation factAttributes="attr6_6_3">
<specialValueMappingMode value="" mode="ignore"/>
<concept ref="c_mi53_y"/>
<dimension ref="d_MCY_x26_y d_RPR_x26_y d_DEF_x5_y"/>
</aspectLocation>
</mapping>
<mapping converter="conv6_6_3">
<sheetMapLocation sheetNumber="14" row="7" column="5"/>
<aspectLocation factAttributes="attr6_6_3">
<specialValueMappingMode value="" mode="ignore"/>
<concept ref="c_mi53_y"/>
<dimension ref="d_BAS_x7_y d_MCY_x2_y"/>
</aspectLocation>
</mapping>
<mapping converter="conv6_6_3">
<sheetMapLocation sheetNumber="14" row="8" column="5"/>
<aspectLocation factAttributes="attr6_6_3">
<specialValueMappingMode value="" mode="ignore"/>
<concept ref="c_mi53_y"/>
<dimension ref="d_RPR_x13_y d_BAS_x7_y d_MCY_x2_y"/>
</aspectLocation>
</mapping>
<mapping converter="conv6_6_3">
<sheetMapLocation sheetNumber="14" row="9" column="5"/>
<aspectLocation factAttributes="attr6_6_3">
<specialValueMappingMode value="" mode="ignore"/>
<concept ref="c_mi53_y"/>
<dimension ref="d_RPR_x21_y d_BAS_x7_y d_MCY_x2_y"/>
</aspectLocation>
</mapping>
<mapping converter="conv6_6_3">
<sheetMapLocation sheetNumber="14" row="10" column="5"/>
<aspectLocation factAttributes="attr9_10_5">
<specialValueMappingMode value="" mode="ignore"/>
<concept ref="c_pi15_y"/>
<dimension ref="d_BAS_x17_y"/>
</aspectLocation>
</mapping>
<mapping converter="conv6_6_3">
<sheetMapLocation sheetNumber="14" row="11" column="5"/>
<aspectLocation factAttributes="attr6_6_3">
<specialValueMappingMode value="" mode="ignore"/>
<concept ref="c_mi53_y"/>
<dimension ref="d_BAS_x7_y d_MCY_x4_y d_RPR_x13_y d_DEF_x8_y"/>
</aspectLocation>
</mapping>
<mapping converter="conv6_6_3">
<sheetMapLocation sheetNumber="14" row="13" column="5"/>
<aspectLocation factAttributes="attr6_6_3">
<specialValueMappingMode value="" mode="ignore"/>
<concept ref="c_mi53_y"/>
<dimension ref="d_BAS_x7_y d_DEF_x6_y d_RPR_x13_y"/>
</aspectLocation>
</mapping>
<mapping converter="conv6_6_3">
<sheetMapLocation sheetNumber="14" row="14" column="5"/>
<aspectLocation factAttributes="attr6_6_3">
<specialValueMappingMode value="" mode="ignore"/>
<concept ref="c_mi53_y"/>
<dimension ref="d_MCY_x99_y d_BAS_x7_y d_DEF_x6_y d_RPR_x13_y"/>
</aspectLocation>
</mapping>
<mapping converter="conv6_6_3">
<sheetMapLocation sheetNumber="14" row="15" column="5"/>
<aspectLocation factAttributes="attr6_6_3">
<specialValueMappingMode value="" mode="ignore"/>
<concept ref="c_mi53_y"/>
<dimension ref="d_MCY_x157_y d_BAS_x7_y d_DEF_x6_y d_RPR_x13_y"/>
</aspectLocation>
</mapping>
<mapping converter="conv6_6_3">
<sheetMapLocation sheetNumber="14" row="16" column="5"/>
<aspectLocation factAttributes="attr6_6_3">
<specialValueMappingMode value="" mode="ignore"/>
<concept ref="c_mi53_y"/>
<dimension ref="d_BAS_x7_y d_MCY_x0_y d_RPR_x13_y d_DEF_x8_y"/>
</aspectLocation>
</mapping>
<mapping converter="conv6_6_3">
<sheetMapLocation sheetNumber="14" row="18" column="5"/>
<aspectLocation factAttributes="attr6_6_3">
<specialValueMappingMode value="" mode="ignore"/>
<concept ref="c_mi53_y"/>
<dimension ref="d_BAS_x6_y d_DEF_x6_y d_RPR_x13_y"/>
</aspectLocation>
</mapping>
<mapping converter="conv6_6_3">
<sheetMapLocation sheetNumber="14" row="19" column="5"/>
<aspectLocation factAttributes="attr6_6_3">
<specialValueMappingMode value="" mode="ignore"/>
<concept ref="c_mi53_y"/>
<dimension ref="d_BAS_x6_y d_RPR_x13_y d_DEF_x8_y"/>
</aspectLocation>
</mapping>
<mapping converter="conv6_6_3">
<sheetMapLocation sheetNumber="14" row="21" column="5"/>
<aspectLocation factAttributes="attr6_6_3">
<specialValueMappingMode value="" mode="ignore"/>
<concept ref="c_mi53_y"/>
<dimension ref="d_MCY_x26_y d_RPR_x13_y d_DEF_x5_y"/>
</aspectLocation>
</mapping>
<mapping>
<sheetMapLocation sheetNumber="15" row="7" column="4"/>
<aspectLocation factAttributes="attr1_6_3">
<specialValueMappingMode value="" mode="ignore"/>
<concept ref="c_ei10_y"/>
<dimension ref="d_BAS_x17_x d_RET_x5_y d_CAP_x2_y"/>
</aspectLocation>
</mapping>
<mapping>
<sheetMapLocation sheetNumber="15" row="9" column="4"/>
<aspectLocation factAttributes="attr1_6_3">
<specialValueMappingMode value="" mode="ignore"/>
<concept ref="c_ei10_y"/>
<dimension ref="d_BAS_x17_x d_RET_x6_y"/>
</aspectLocation>
</mapping>
<mapping>
<sheetMapLocation sheetNumber="16" row="7" column="4"/>
<aspectLocation factAttributes="attr1_6_3">
<specialValueMappingMode value="" mode="ignore"/>
<concept ref="c_ei11_y"/>
<dimension ref="d_BAS_x17_y d_CAP_x3_y"/>
</aspectLocation>
</mapping>
<mapping>
<sheetMapLocation sheetNumber="16" row="8" column="4"/>
<aspectLocation factAttributes="attr1_6_3">
<specialValueMappingMode value="" mode="ignore"/>
<concept ref="c_ei16_y"/>
<dimension ref="d_BAS_x17_y d_CAP_x3_y"/>
</aspectLocation>
</mapping>
<mapping>
<sheetMapLocation sheetNumber="16" row="9" column="4"/>
<aspectLocation factAttributes="attr1_6_3">
<specialValueMappingMode value="" mode="ignore"/>
<concept ref="c_si168_y"/>
<dimension ref="d_BAS_x17_y d_CAP_x3_y d_RPR_x2_y"/>
</aspectLocation>
</mapping>
<mapping>
<sheetMapLocation sheetNumber="16" row="10" column="4"/>
<aspectLocation factAttributes="attr1_6_3">
<specialValueMappingMode value="" mode="ignore"/>
<concept ref="c_si5_y"/>
<dimension ref="d_BAS_x17_y d_RPR_x2_y d_CAP_x3_y"/>
</aspectLocation>
</mapping>
<mapping>
<sheetMapLocation sheetNumber="16" row="11" column="4"/>
<aspectLocation factAttributes="attr1_6_3">
<specialValueMappingMode value="" mode="ignore"/>
<concept ref="c_si289_y"/>
<dimension ref="d_BAS_x17_y d_RPR_x13_y d_CAP_x3_y"/>
</aspectLocation>
</mapping>
<mapping converter="conv6_6_3">
<sheetMapLocation sheetNumber="16" row="12" column="4"/>
<aspectLocation factAttributes="attr9_10_5">
<specialValueMappingMode value="" mode="ignore"/>
<concept ref="c_pi314_y"/>
<dimension ref="d_BAS_x17_y d_MCY_x275_y d_OFS_x8_y"/>
</aspectLocation>
</mapping>
<mapping>
<sheetMapLocation sheetNumber="16" row="14" column="4"/>
<aspectLocation factAttributes="attr1_6_3">
<specialValueMappingMode value="" mode="ignore"/>
<concept ref="c_ei11_y"/>
<dimension ref="d_BAS_x17_y d_CAP_x4_y"/>
</aspectLocation>
</mapping>
<mapping>
<sheetMapLocation sheetNumber="16" row="15" column="4"/>
<aspectLocation factAttributes="attr1_6_3">
<specialValueMappingMode value="" mode="ignore"/>
<concept ref="c_ei17_y"/>
<dimension ref="d_CAP_x4_y d_BAS_x17_y"/>
</aspectLocation>
</mapping>
<mapping>
<sheetMapLocation sheetNumber="16" row="16" column="4"/>
<aspectLocation factAttributes="attr1_6_3">
<specialValueMappingMode value="" mode="ignore"/>
<concept ref="c_si168_y"/>
<dimension ref="d_BAS_x17_y d_RPR_x2_y d_CAP_x4_y"/>
</aspectLocation>
</mapping>
<mapping>
<sheetMapLocation sheetNumber="16" row="17" column="4"/>
<aspectLocation factAttributes="attr1_6_3">
<specialValueMappingMode value="" mode="ignore"/>
<concept ref="c_si5_y"/>
<dimension ref="d_BAS_x17_y d_RPR_x2_y d_CAP_x4_y"/>
</aspectLocation>
</mapping>
<mapping>
<sheetMapLocation sheetNumber="16" row="18" column="4"/>
<aspectLocation factAttributes="attr1_6_3">
<specialValueMappingMode value="" mode="ignore"/>
<concept ref="c_si289_y"/>
<dimension ref="d_BAS_x17_y d_RPR_x13_y d_CAP_x4_y"/>
</aspectLocation>
</mapping>
<mapping converter="conv6_6_3">
<sheetMapLocation sheetNumber="16" row="19" column="4"/>
<aspectLocation factAttributes="attr6_6_3">
<specialValueMappingMode value="" mode="ignore"/>
<concept ref="c_mi81_y"/>
<dimension ref="d_BAS_x11_y d_MCY_x275_y d_OFS_x8_y"/>
</aspectLocation>
</mapping>
<mapping converter="conv6_6_3">
<sheetMapLocation sheetNumber="16" row="20" column="4"/>
<aspectLocation factAttributes="attr6_6_3">
<specialValueMappingMode value="" mode="ignore"/>
<concept ref="c_mi237_y"/>
<dimension ref="d_BAS_x9_y d_MCY_x192_y"/>
</aspectLocation>
</mapping>
<mapping converter="conv6_6_3">
<sheetMapLocation sheetNumber="16" row="21" column="4"/>
<aspectLocation factAttributes="attr9_10_5">
<specialValueMappingMode value="" mode="ignore"/>
<concept ref="c_pi317_y"/>
<dimension ref="d_BAS_x17_y d_MCY_x1_y_1 d_OFS_x2_y"/>
</aspectLocation>
</mapping>
<mapping converter="conv6_6_3">
<sheetMapLocation sheetNumber="16" row="23" column="4"/>
<aspectLocation factAttributes="attr6_6_3">
<specialValueMappingMode value="" mode="ignore"/>
<concept ref="c_mi53_y"/>
<dimension ref="d_BAS_x6_y d_DEF_x1_y"/>
</aspectLocation>
</mapping>
<mapping converter="conv6_6_3">
<sheetMapLocation sheetNumber="16" row="24" column="4"/>
<aspectLocation factAttributes="attr9_10_5">
<specialValueMappingMode value="" mode="ignore"/>
<concept ref="c_pi18_y"/>
<dimension ref="d_BAS_x17_y"/>
</aspectLocation>
</mapping>
<mapping converter="conv6_6_3">
<sheetMapLocation sheetNumber="17" row="7" column="6"/>
<aspectLocation factAttributes="attr6_6_3">
<specialValueMappingMode value="" mode="ignore"/>
<concept ref="c_mi235_y"/>
<dimension ref="d_BAS_x9_y d_MCY_x7_y"/>
</aspectLocation>
</mapping>
<mapping converter="conv6_6_3">
<sheetMapLocation sheetNumber="17" row="8" column="6"/>
<aspectLocation factAttributes="attr9_10_5">
<specialValueMappingMode value="" mode="ignore"/>
<concept ref="c_pi19_y"/>
<dimension ref="d_BAS_x17_y d_MCY_x7_y"/>
</aspectLocation>
</mapping>
<mapping converter="conv6_6_3">
<sheetMapLocation sheetNumber="17" row="9" column="6"/>
<aspectLocation factAttributes="attr9_10_5">
<specialValueMappingMode value="" mode="ignore"/>
<concept ref="c_pi20_y"/>
<dimension ref="d_BAS_x17_y d_MCY_x7_y"/>
</aspectLocation>
</mapping>
<mapping converter="conv6_6_3">
<sheetMapLocation sheetNumber="17" row="10" column="6"/>
<aspectLocation factAttributes="attr9_10_5">
<specialValueMappingMode value="" mode="ignore"/>
<concept ref="c_pi21_y"/>
<dimension ref="d_BAS_x17_y d_MCY_x7_y"/>
</aspectLocation>
</mapping>
<mapping converter="conv6_6_3">
<sheetMapLocation sheetNumber="17" row="12" column="6"/>
<aspectLocation factAttributes="attr6_6_3">
<specialValueMappingMode value="" mode="ignore"/>
<concept ref="c_mi287_y"/>
<dimension ref="d_BAS_x10_y d_MCY_x176_y"/>
</aspectLocation>
</mapping>
<mapping converter="conv6_6_3">
<sheetMapLocation sheetNumber="17" row="13" column="6"/>
<aspectLocation factAttributes="attr9_10_5">
<specialValueMappingMode value="" mode="ignore"/>
<concept ref="c_pi19_y"/>
<dimension ref="d_BAS_x17_y d_MCY_x176_y"/>
</aspectLocation>
</mapping>
<mapping converter="conv6_6_3">
<sheetMapLocation sheetNumber="17" row="14" column="6"/>
<aspectLocation factAttributes="attr9_10_5">
<specialValueMappingMode value="" mode="ignore"/>
<concept ref="c_pi20_y"/>
<dimension ref="d_BAS_x17_y d_MCY_x176_y"/>
</aspectLocation>
</mapping>
<mapping converter="conv6_6_3">
<sheetMapLocation sheetNumber="17" row="15" column="6"/>
<aspectLocation factAttributes="attr9_10_5">
<specialValueMappingMode value="" mode="ignore"/>
<concept ref="c_pi21_y"/>
<dimension ref="d_BAS_x17_y d_MCY_x176_y"/>
</aspectLocation>
</mapping>
<mapping converter="conv6_6_3">
<sheetMapLocation sheetNumber="17" row="17" column="6"/>
<aspectLocation factAttributes="attr6_6_3">
<specialValueMappingMode value="" mode="ignore"/>
<concept ref="c_mi119_y"/>
<dimension ref="d_BAS_x9_y d_MCY_x99_y"/>
</aspectLocation>
</mapping>
<mapping converter="conv6_6_3">
<sheetMapLocation sheetNumber="17" row="18" column="6"/>
<aspectLocation factAttributes="attr6_6_3">
<specialValueMappingMode value="" mode="ignore"/>
<concept ref="c_mi119_y"/>
<dimension ref="d_MCY_x8_y d_BAS_x9_y"/>
</aspectLocation>
</mapping>
<mapping converter="conv6_6_3">
<sheetMapLocation sheetNumber="17" row="19" column="6"/>
<aspectLocation factAttributes="attr9_10_5">
<specialValueMappingMode value="" mode="ignore"/>
<concept ref="c_pi19_y"/>
<dimension ref="d_BAS_x17_y d_MCY_x8_y"/>
</aspectLocation>
</mapping>
<mapping converter="conv6_6_3">
<sheetMapLocation sheetNumber="17" row="20" column="6"/>
<aspectLocation factAttributes="attr9_10_5">
<specialValueMappingMode value="" mode="ignore"/>
<concept ref="c_pi20_y"/>
<dimension ref="d_BAS_x17_y d_MCY_x8_y"/>
</aspectLocation>
</mapping>
<mapping converter="conv6_6_3">
<sheetMapLocation sheetNumber="17" row="21" column="6"/>
<aspectLocation factAttributes="attr9_10_5">
<specialValueMappingMode value="" mode="ignore"/>
<concept ref="c_pi21_y"/>
<dimension ref="d_BAS_x17_y d_MCY_x8_y"/>
</aspectLocation>
</mapping>
<mapping>
<sheetMapLocation sheetNumber="17" row="23" column="6"/>
<aspectLocation factAttributes="attr1_6_3">
<specialValueMappingMode value="" mode="ignore"/>
<concept ref="c_ei10_y"/>
<dimension ref="d_BAS_x17_y d_RPR_x26_y"/>
</aspectLocation>
</mapping>
<mapping>
<sheetMapLocation sheetNumber="17" row="24" column="6"/>
<aspectLocation factAttributes="attr1_6_3">
<specialValueMappingMode value="" mode="ignore"/>
<concept ref="c_ei11_y"/>
<dimension ref="d_BAS_x17_y d_CAP_x1_y"/>
</aspectLocation>
</mapping>
<mapping>
<sheetMapLocation sheetNumber="17" row="25" column="6"/>
<aspectLocation factAttributes="attr1_6_3">
<specialValueMappingMode value="" mode="ignore"/>
<concept ref="c_si22_y"/>
<dimension ref="d_BAS_x17_y d_RPR_x26_y"/>
</aspectLocation>
</mapping>
<mapping>
<sheetMapLocation sheetNumber="17" row="27" column="6"/>
<aspectLocation factAttributes="attr1_6_3">
<specialValueMappingMode value="" mode="ignore"/>
<concept ref="c_ei11_y"/>
<dimension ref="d_BAS_x17_y d_RPR_x4_y"/>
</aspectLocation>
</mapping>
<mapping>
<sheetMapLocation sheetNumber="17" row="28" column="6"/>
<aspectLocation factAttributes="attr1_6_3">
<specialValueMappingMode value="" mode="ignore"/>
<concept ref="c_si168_y"/>
<dimension ref="d_RPR_x3_y d_BAS_x17_y"/>
</aspectLocation>
</mapping>
<mapping>
<sheetMapLocation sheetNumber="17" row="29" column="6"/>
<aspectLocation factAttributes="attr1_6_3">
<specialValueMappingMode value="" mode="ignore"/>
<concept ref="c_si5_y"/>
<dimension ref="d_BAS_x17_y d_RPR_x3_y"/>
</aspectLocation>
</mapping>
</mappingDefinition>
</mappingRoot>
