<?xml version="1.0"?>
<!--Generated by Interstage XWand Mapping Generator B0025 October 12, 2018 -->
<!--Generated at 2019/04/25 09:33:20-->
<mappingRoot from="sheet" to="xbrl">
<sheetInformation/>
<xbrlInformation>
<aspectLocation>
<periodStart>
<sheetMapLocation sheetNumber="0" row="4" column="1"/>
</periodStart>
<periodEnd>
<sheetMapLocation sheetNumber="0" row="5" column="1"/>
</periodEnd>
<identifier>
<sheetMapLocation sheetNumber="0" row="6" column="1"/>
</identifier>
<scheme>
<sheetMapLocation sheetNumber="0" row="7" column="1"/>
</scheme>
<currency>
<sheetMapLocation sheetNumber="0" row="8" column="1"/>
</currency>
<language>
<sheetMapLocation sheetNumber="0" row="9" column="1"/>
</language>
</aspectLocation>
<contextFilterDefinition/>
<factAttributesDefinition>
<factAttributes unitMode="auto" precisionDecimalsMode="auto" id="attr1_5_3"/>
<factAttributes unitContent="{http://www.xbrl.org/2003/instance}:pure" precisionDecimalsValue="0" unitMode="content" precisionDecimalsMode="fixedDecimals" id="attr2_15_2"/>
<factAttributes precisionDecimalsMode="eiopaRuleB" id="attr3_5_6"/>
<factAttributes unitContent="{http://www.xbrl.org/2003/instance}:pure" precisionDecimalsValue="4" unitMode="content" precisionDecimalsMode="fixedDecimals" id="attr5_4_14"/>
</factAttributesDefinition>
<dimensionAttributesDefinition>
<dimensionAttributes id="d_BL_x5029_x" namespaceURI="http://eiopa.europa.eu/xbrl/s2c/dict/dim" localName="BL" value="{http://eiopa.europa.eu/xbrl/s2c/dict/dom/LB}:x5029" axis="x"/>
<dimensionAttributes id="d_VG_x80_y" namespaceURI="http://eiopa.europa.eu/xbrl/s2c/dict/dim" localName="VG" value="{http://eiopa.europa.eu/xbrl/s2c/dict/dom/AM}:x80" axis="y"/>
<dimensionAttributes id="d_BL_x5030_x" namespaceURI="http://eiopa.europa.eu/xbrl/s2c/dict/dim" localName="BL" value="{http://eiopa.europa.eu/xbrl/s2c/dict/dom/LB}:x5030" axis="x"/>
<dimensionAttributes id="d_IS_x5001_y" namespaceURI="http://eiopa.europa.eu/xbrl/s2c/dict/dim" localName="IS" value="{http://eiopa.europa.eu/xbrl/s2c/dict/dom/SE}:x5001" axis="y"/>
<dimensionAttributes id="d_IS_x120_y" namespaceURI="http://eiopa.europa.eu/xbrl/s2c/dict/dim" localName="IS" value="{http://eiopa.europa.eu/xbrl/s2c/dict/dom/SE}:x120" axis="y"/>
<dimensionAttributes id="d_VG_x84_y" namespaceURI="http://eiopa.europa.eu/xbrl/s2c/dict/dim" localName="VG" value="{http://eiopa.europa.eu/xbrl/s2c/dict/dom/AM}:x84" axis="y"/>
<dimensionAttributes id="d_UI_y" namespaceURI="http://eiopa.europa.eu/xbrl/s2c/dict/dim" localName="UI" value_nillable="true" axis="y" key-column-type="*foreign key to PF.06.02.24.02*|&quot;mandatory&quot;">
<sheetMapLocation sheetNumber="4" row="4" column="1" outsideColumnRepeat="true"/>
</dimensionAttributes>
<dimensionAttributes id="d_XJ_y" namespaceURI="http://eiopa.europa.eu/xbrl/s2c/dict/dim" localName="XJ" value_nillable="true" axis="y" key-column-type="*artificial key*|&quot;mandatory&quot;">
<sheetMapLocation sheetNumber="4" row="4" column="0" outsideColumnRepeat="true"/>
</dimensionAttributes>
<dimensionAttributes id="d_UI_y_1" namespaceURI="http://eiopa.europa.eu/xbrl/s2c/dict/dim" localName="UI" value_nillable="true" axis="y" key-column-type="*natural key*|&quot;mandatory&quot;">
<sheetMapLocation sheetNumber="5" row="4" column="0" outsideColumnRepeat="true"/>
</dimensionAttributes>
<dimensionAttributes id="d_YW_y" namespaceURI="http://eiopa.europa.eu/xbrl/s2c/dict/dim" localName="YW" includeUnreportedValue="true" value_nillable="true" axis="y" key-column-type="*artificial key*|&quot;optional&quot;">
<sheetMapLocation sheetNumber="6" row="4" column="3" outsideColumnRepeat="true"/>
</dimensionAttributes>
<dimensionAttributes id="d_YU_y" namespaceURI="http://eiopa.europa.eu/xbrl/s2c/dict/dim" localName="YU" includeUnreportedValue="true" value_nillable="true" axis="y" key-column-type="*artificial key*|&quot;optional&quot;">
<sheetMapLocation sheetNumber="6" row="4" column="2" outsideColumnRepeat="true"/>
</dimensionAttributes>
<dimensionAttributes id="d_YT_y" namespaceURI="http://eiopa.europa.eu/xbrl/s2c/dict/dim" localName="YT" includeUnreportedValue="true" value_nillable="true" axis="y" key-column-type="*artificial key*|&quot;optional&quot;">
<sheetMapLocation sheetNumber="6" row="4" column="1" outsideColumnRepeat="true"/>
</dimensionAttributes>
<dimensionAttributes id="d_YS_y" namespaceURI="http://eiopa.europa.eu/xbrl/s2c/dict/dim" localName="YS" value_nillable="true" axis="y" key-column-type="*artificial key*|&quot;mandatory&quot;">
<sheetMapLocation sheetNumber="6" row="4" column="0" outsideColumnRepeat="true"/>
</dimensionAttributes>
</dimensionAttributesDefinition>
<conceptAttributesDefinition>
<conceptAttributes id="c_filingIndicator_x" value="{http://www.eurofiling.info/xbrl/ext/filing-indicators}:filingIndicator"/>
<conceptAttributes id="c_ei1633_y" value="{http://eiopa.europa.eu/xbrl/s2md/dict/met}:ei1633" axis="y"/>
<conceptAttributes id="c_ei5108_y" value="{http://eiopa.europa.eu/xbrl/s2md/dict/met}:ei5108" axis="y"/>
<conceptAttributes id="c_ei5113_y" value="{http://eiopa.europa.eu/xbrl/s2md/dict/met}:ei5113" axis="y"/>
<conceptAttributes id="c_ei2453_y" value="{http://eiopa.europa.eu/xbrl/s2md/dict/met}:ei2453" axis="y"/>
<conceptAttributes id="c_di1044_y" value="{http://eiopa.europa.eu/xbrl/s2md/dict/met}:di1044" axis="y"/>
<conceptAttributes id="c_di1043_y" value="{http://eiopa.europa.eu/xbrl/s2md/dict/met}:di1043" axis="y"/>
<conceptAttributes id="c_di2502_y" value="{http://eiopa.europa.eu/xbrl/s2md/dict/met}:di2502" axis="y"/>
<conceptAttributes id="c_ei1930_y" value="{http://eiopa.europa.eu/xbrl/s2md/dict/met}:ei1930" axis="y"/>
<conceptAttributes id="c_ei1684_y" value="{http://eiopa.europa.eu/xbrl/s2md/dict/met}:ei1684" axis="y"/>
<conceptAttributes id="c_si5103_y" value="{http://eiopa.europa.eu/xbrl/s2md/dict/met}:si5103" axis="y"/>
<conceptAttributes id="c_si5102_y" value="{http://eiopa.europa.eu/xbrl/s2md/dict/met}:si5102" axis="y"/>
<conceptAttributes id="c_ei5096_y" value="{http://eiopa.europa.eu/xbrl/s2md/dict/met}:ei5096" axis="y"/>
<conceptAttributes id="c_ei5097_y" value="{http://eiopa.europa.eu/xbrl/s2md/dict/met}:ei5097" axis="y"/>
<conceptAttributes id="c_ei5020_y" value="{http://eiopa.europa.eu/xbrl/s2md/dict/met}:ei5020" axis="y"/>
<conceptAttributes id="c_ii5037_y" value="{http://eiopa.europa.eu/xbrl/s2md/dict/met}:ii5037" axis="y"/>
<conceptAttributes id="c_ii5039_y" value="{http://eiopa.europa.eu/xbrl/s2md/dict/met}:ii5039" axis="y"/>
<conceptAttributes id="c_mi5057_y" value="{http://eiopa.europa.eu/xbrl/s2md/dict/met}:mi5057" axis="y"/>
<conceptAttributes id="c_mi265_y" value="{http://eiopa.europa.eu/xbrl/s2md/dict/met}:mi265" axis="y"/>
<conceptAttributes id="c_mi238_y" value="{http://eiopa.europa.eu/xbrl/s2md/dict/met}:mi238" axis="y"/>
<conceptAttributes id="c_mi226_y" value="{http://eiopa.europa.eu/xbrl/s2md/dict/met}:mi226" axis="y"/>
<conceptAttributes id="c_mi227_y" value="{http://eiopa.europa.eu/xbrl/s2md/dict/met}:mi227" axis="y"/>
<conceptAttributes id="c_mi213_y" value="{http://eiopa.europa.eu/xbrl/s2md/dict/met}:mi213" axis="y"/>
<conceptAttributes id="c_mi212_y" value="{http://eiopa.europa.eu/xbrl/s2md/dict/met}:mi212" axis="y"/>
<conceptAttributes id="c_mi211_y" value="{http://eiopa.europa.eu/xbrl/s2md/dict/met}:mi211" axis="y"/>
<conceptAttributes id="c_mi5049_y" value="{http://eiopa.europa.eu/xbrl/s2md/dict/met}:mi5049" axis="y"/>
<conceptAttributes id="c_mi1964_y" value="{http://eiopa.europa.eu/xbrl/s2md/dict/met}:mi1964" axis="y"/>
<conceptAttributes id="c_mi5051_y" value="{http://eiopa.europa.eu/xbrl/s2md/dict/met}:mi5051" axis="y"/>
<conceptAttributes id="c_mi5052_y" value="{http://eiopa.europa.eu/xbrl/s2md/dict/met}:mi5052" axis="y"/>
<conceptAttributes id="c_mi5053_y" value="{http://eiopa.europa.eu/xbrl/s2md/dict/met}:mi5053" axis="y"/>
<conceptAttributes id="c_mi5054_y" value="{http://eiopa.europa.eu/xbrl/s2md/dict/met}:mi5054" axis="y"/>
<conceptAttributes id="c_mi5044_y" value="{http://eiopa.europa.eu/xbrl/s2md/dict/met}:mi5044" axis="y"/>
<conceptAttributes id="c_mi5050_y" value="{http://eiopa.europa.eu/xbrl/s2md/dict/met}:mi5050" axis="y"/>
<conceptAttributes id="c_mi224_y" value="{http://eiopa.europa.eu/xbrl/s2md/dict/met}:mi224" axis="y"/>
<conceptAttributes id="c_mi5046_y" value="{http://eiopa.europa.eu/xbrl/s2md/dict/met}:mi5046" axis="y"/>
<conceptAttributes id="c_mi5045_y" value="{http://eiopa.europa.eu/xbrl/s2md/dict/met}:mi5045" axis="y"/>
<conceptAttributes id="c_mi5055_y" value="{http://eiopa.europa.eu/xbrl/s2md/dict/met}:mi5055" axis="y"/>
<conceptAttributes id="c_mi5056_y" value="{http://eiopa.europa.eu/xbrl/s2md/dict/met}:mi5056" axis="y"/>
<conceptAttributes id="c_mi5048_y" value="{http://eiopa.europa.eu/xbrl/s2md/dict/met}:mi5048" axis="y"/>
<conceptAttributes id="c_mi239_y" value="{http://eiopa.europa.eu/xbrl/s2md/dict/met}:mi239" axis="y"/>
<conceptAttributes id="c_mi5047_y" value="{http://eiopa.europa.eu/xbrl/s2md/dict/met}:mi5047" axis="y"/>
<conceptAttributes id="c_mi201_y" value="{http://eiopa.europa.eu/xbrl/s2md/dict/met}:mi201" axis="y"/>
<conceptAttributes id="c_mi351_y" value="{http://eiopa.europa.eu/xbrl/s2md/dict/met}:mi351" axis="y"/>
<conceptAttributes id="c_mi5072_y" value="{http://eiopa.europa.eu/xbrl/s2md/dict/met}:mi5072" axis="y"/>
<conceptAttributes id="c_mi5074_y" value="{http://eiopa.europa.eu/xbrl/s2md/dict/met}:mi5074" axis="y"/>
<conceptAttributes id="c_mi5073_y" value="{http://eiopa.europa.eu/xbrl/s2md/dict/met}:mi5073" axis="y"/>
<conceptAttributes id="c_mi346_y" value="{http://eiopa.europa.eu/xbrl/s2md/dict/met}:mi346" axis="y"/>
<conceptAttributes id="c_mi5080_y" value="{http://eiopa.europa.eu/xbrl/s2md/dict/met}:mi5080" axis="y"/>
<conceptAttributes id="c_mi5082_y" value="{http://eiopa.europa.eu/xbrl/s2md/dict/met}:mi5082" axis="y"/>
<conceptAttributes id="c_mi5083_y" value="{http://eiopa.europa.eu/xbrl/s2md/dict/met}:mi5083" axis="y"/>
<conceptAttributes id="c_mi5070_y" value="{http://eiopa.europa.eu/xbrl/s2md/dict/met}:mi5070" axis="y"/>
<conceptAttributes id="c_mi5079_y" value="{http://eiopa.europa.eu/xbrl/s2md/dict/met}:mi5079" axis="y"/>
<conceptAttributes id="c_ei5100_x" value="{http://eiopa.europa.eu/xbrl/s2md/dict/met}:ei5100" axis="x"/>
<conceptAttributes id="c_ei1061_x" value="{http://eiopa.europa.eu/xbrl/s2md/dict/met}:ei1061" axis="x"/>
<conceptAttributes id="c_si1780_x" value="{http://eiopa.europa.eu/xbrl/s2md/dict/met}:si1780" axis="x"/>
<conceptAttributes id="c_ri2265_x" value="{http://eiopa.europa.eu/xbrl/s2md/dict/met}:ri2265" axis="x"/>
<conceptAttributes id="c_mi1110_x" value="{http://eiopa.europa.eu/xbrl/s2md/dict/met}:mi1110" axis="x"/>
<conceptAttributes id="c_ei5118_x" value="{http://eiopa.europa.eu/xbrl/s2md/dict/met}:ei5118" axis="x"/>
<conceptAttributes id="c_mi1987_x" value="{http://eiopa.europa.eu/xbrl/s2md/dict/met}:mi1987" axis="x"/>
<conceptAttributes id="c_mi1128_x" value="{http://eiopa.europa.eu/xbrl/s2md/dict/met}:mi1128" axis="x"/>
<conceptAttributes id="c_mi5092_x" value="{http://eiopa.europa.eu/xbrl/s2md/dict/met}:mi5092" axis="x"/>
<conceptAttributes id="c_si1338_x" value="{http://eiopa.europa.eu/xbrl/s2md/dict/met}:si1338" axis="x"/>
<conceptAttributes id="c_si1381_x" value="{http://eiopa.europa.eu/xbrl/s2md/dict/met}:si1381" axis="x"/>
<conceptAttributes id="c_si1552_x" value="{http://eiopa.europa.eu/xbrl/s2md/dict/met}:si1552" axis="x"/>
<conceptAttributes id="c_ei1658_x" value="{http://eiopa.europa.eu/xbrl/s2md/dict/met}:ei1658" axis="x"/>
<conceptAttributes id="c_si1337_x" value="{http://eiopa.europa.eu/xbrl/s2md/dict/met}:si1337" axis="x"/>
<conceptAttributes id="c_si1553_x" value="{http://eiopa.europa.eu/xbrl/s2md/dict/met}:si1553" axis="x"/>
<conceptAttributes id="c_ei1062_x" value="{http://eiopa.europa.eu/xbrl/s2md/dict/met}:ei1062" axis="x"/>
<conceptAttributes id="c_ei1024_x" value="{http://eiopa.europa.eu/xbrl/s2md/dict/met}:ei1024" axis="x"/>
<conceptAttributes id="c_si1554_x" value="{http://eiopa.europa.eu/xbrl/s2md/dict/met}:si1554" axis="x"/>
<conceptAttributes id="c_ei5001_x" value="{http://eiopa.europa.eu/xbrl/s2md/dict/met}:ei5001" axis="x"/>
<conceptAttributes id="c_si1555_x" value="{http://eiopa.europa.eu/xbrl/s2md/dict/met}:si1555" axis="x"/>
<conceptAttributes id="c_ei2518_x" value="{http://eiopa.europa.eu/xbrl/s2md/dict/met}:ei2518" axis="x"/>
<conceptAttributes id="c_mi1126_x" value="{http://eiopa.europa.eu/xbrl/s2md/dict/met}:mi1126" axis="x"/>
<conceptAttributes id="c_pi1286_x" value="{http://eiopa.europa.eu/xbrl/s2md/dict/met}:pi1286" axis="x"/>
<conceptAttributes id="c_ri2266_x" value="{http://eiopa.europa.eu/xbrl/s2md/dict/met}:ri2266" axis="x"/>
<conceptAttributes id="c_di1041_x" value="{http://eiopa.europa.eu/xbrl/s2md/dict/met}:di1041" axis="x"/>
<conceptAttributes id="c_si2512_x" value="{http://eiopa.europa.eu/xbrl/s2md/dict/met}:si2512" axis="x"/>
<conceptAttributes id="c_mi2507_x" value="{http://eiopa.europa.eu/xbrl/s2md/dict/met}:mi2507" axis="x"/>
<conceptAttributes id="c_si2508_x" value="{http://eiopa.europa.eu/xbrl/s2md/dict/met}:si2508" axis="x"/>
<conceptAttributes id="c_di2509_x" value="{http://eiopa.europa.eu/xbrl/s2md/dict/met}:di2509" axis="x"/>
<conceptAttributes id="c_ii2510_x" value="{http://eiopa.europa.eu/xbrl/s2md/dict/met}:ii2510" axis="x"/>
<conceptAttributes id="c_ri2511_x" value="{http://eiopa.europa.eu/xbrl/s2md/dict/met}:ri2511" axis="x"/>
<conceptAttributes id="c_pi1550_x" value="{http://eiopa.europa.eu/xbrl/s2md/dict/met}:pi1550" axis="x"/>
<conceptAttributes id="c_bi7_x" value="{http://eiopa.europa.eu/xbrl/s2md/dict/met}:bi7" axis="x"/>
</conceptAttributesDefinition>
<otherAttributesDefinition>
<otherAttribute id="o0_13_3" converter="conv1_13_3_2" namespaceURI="http://www.eurofiling.info/xbrl/ext/filing-indicators" localName="filed">
<sheetMapLocation sheetNumber="0" row="13" column="3"/>
</otherAttribute>
<otherAttribute id="o0_14_3" converter="conv2_14_3_2" namespaceURI="http://www.eurofiling.info/xbrl/ext/filing-indicators" localName="filed">
<sheetMapLocation sheetNumber="0" row="14" column="3"/>
</otherAttribute>
<otherAttribute id="o0_15_3" converter="conv3_15_3_2" namespaceURI="http://www.eurofiling.info/xbrl/ext/filing-indicators" localName="filed">
<sheetMapLocation sheetNumber="0" row="15" column="3"/>
</otherAttribute>
<otherAttribute id="o0_16_3" converter="conv4_16_3_2" namespaceURI="http://www.eurofiling.info/xbrl/ext/filing-indicators" localName="filed">
<sheetMapLocation sheetNumber="0" row="16" column="3"/>
</otherAttribute>
<otherAttribute id="o0_18_3" converter="conv6_18_3_2" namespaceURI="http://www.eurofiling.info/xbrl/ext/filing-indicators" localName="filed">
<sheetMapLocation sheetNumber="0" row="18" column="3"/>
</otherAttribute>
</otherAttributesDefinition>
<unitAttributesDefinition/>
</xbrlInformation>
<converterDefinition>
<valueMapConverter id="conv1_13_3">
<valueMap in="negative" out="PF.01.01"/>
<valueMap in="positive" out="PF.01.01"/>
</valueMapConverter>
<valueMapConverter id="conv1_13_3_2">
<valueMap in="negative" out="false"/>
<valueMap in="positive" out="true"/>
</valueMapConverter>
<valueMapConverter id="conv2_14_3">
<valueMap in="negative" out="PF.01.02"/>
<valueMap in="positive" out="PF.01.02"/>
</valueMapConverter>
<valueMapConverter id="conv2_14_3_2">
<valueMap in="negative" out="false"/>
<valueMap in="positive" out="true"/>
</valueMapConverter>
<multiplyConverter scaleFactor="1" ratio="1" id="conv2_15_2"/>
<valueMapConverter id="conv3_15_3">
<valueMap in="negative" out="PF.02.01"/>
<valueMap in="positive" out="PF.02.01"/>
</valueMapConverter>
<valueMapConverter id="conv3_15_3_2">
<valueMap in="negative" out="false"/>
<valueMap in="positive" out="true"/>
</valueMapConverter>
<valueMapConverter id="conv4_16_3">
<valueMap in="negative" out="PF.06.02"/>
<valueMap in="positive" out="PF.06.02"/>
</valueMapConverter>
<valueMapConverter id="conv4_16_3_2">
<valueMap in="negative" out="false"/>
<valueMap in="positive" out="true"/>
</valueMapConverter>
<valueMapConverter id="conv6_18_3">
<valueMap in="negative" out="PT.99.01"/>
<valueMap in="positive" out="PT.99.01"/>
</valueMapConverter>
<valueMapConverter id="conv6_18_3_2">
<valueMap in="negative" out="false"/>
<valueMap in="positive" out="true"/>
</valueMapConverter>
</converterDefinition>
<mappingDefinition>
<repeatMapping>
<sheetRepeatMappingInformation sheetNumber="0" row="13" column="3" rowSize="6" columnSize="1" defaultMaxRepeatCount="1" allowExtension="false" ignoreEmptyData="true" repeatDirection="row"/>
<tupleMappingInformation namespaceURI="http://www.eurofiling.info/xbrl/ext/filing-indicators" name="fIndicators"/>
<mapping converter="conv1_13_3">
<sheetMapLocation sheetNumber="0" row="13" column="3"/>
<aspectLocation duplicateFactAllowed="true">
<concept ref="c_filingIndicator_x"/>
<otherAttr ref="o0_13_3"/>
</aspectLocation>
</mapping>
<mapping converter="conv2_14_3">
<sheetMapLocation sheetNumber="0" row="14" column="3"/>
<aspectLocation duplicateFactAllowed="true">
<concept ref="c_filingIndicator_x"/>
<otherAttr ref="o0_14_3"/>
</aspectLocation>
</mapping>
<mapping converter="conv3_15_3">
<sheetMapLocation sheetNumber="0" row="15" column="3"/>
<aspectLocation duplicateFactAllowed="true">
<concept ref="c_filingIndicator_x"/>
<otherAttr ref="o0_15_3"/>
</aspectLocation>
</mapping>
<mapping converter="conv4_16_3">
<sheetMapLocation sheetNumber="0" row="16" column="3"/>
<aspectLocation duplicateFactAllowed="true">
<concept ref="c_filingIndicator_x"/>
<otherAttr ref="o0_16_3"/>
</aspectLocation>
</mapping>
<mapping converter="conv6_18_3">
<sheetMapLocation sheetNumber="0" row="18" column="3"/>
<aspectLocation duplicateFactAllowed="true">
<concept ref="c_filingIndicator_x"/>
<otherAttr ref="o0_18_3"/>
</aspectLocation>
</mapping>
</repeatMapping>
<mapping>
<sheetMapLocation sheetNumber="1" row="5" column="3"/>
<aspectLocation factAttributes="attr1_5_3">
<specialValueMappingMode value="" mode="ignore"/>
<concept ref="c_ei1633_y"/>
</aspectLocation>
</mapping>
<mapping>
<sheetMapLocation sheetNumber="1" row="6" column="3"/>
<aspectLocation factAttributes="attr1_5_3">
<specialValueMappingMode value="" mode="ignore"/>
<concept ref="c_ei5108_y"/>
</aspectLocation>
</mapping>
<mapping>
<sheetMapLocation sheetNumber="1" row="7" column="3"/>
<aspectLocation factAttributes="attr1_5_3">
<specialValueMappingMode value="" mode="ignore"/>
<concept ref="c_ei5113_y"/>
</aspectLocation>
</mapping>
<mapping>
<sheetMapLocation sheetNumber="2" row="4" column="2"/>
<aspectLocation factAttributes="attr1_5_3">
<specialValueMappingMode value="" mode="ignore"/>
<concept ref="c_ei2453_y"/>
</aspectLocation>
</mapping>
<mapping>
<sheetMapLocation sheetNumber="2" row="5" column="2"/>
<aspectLocation factAttributes="attr1_5_3">
<specialValueMappingMode value="" mode="ignore"/>
<concept ref="c_di1044_y"/>
</aspectLocation>
</mapping>
<mapping>
<sheetMapLocation sheetNumber="2" row="6" column="2"/>
<aspectLocation factAttributes="attr1_5_3">
<specialValueMappingMode value="" mode="ignore"/>
<concept ref="c_di1043_y"/>
</aspectLocation>
</mapping>
<mapping>
<sheetMapLocation sheetNumber="2" row="7" column="2"/>
<aspectLocation factAttributes="attr1_5_3">
<specialValueMappingMode value="" mode="ignore"/>
<concept ref="c_di2502_y"/>
</aspectLocation>
</mapping>
<mapping>
<sheetMapLocation sheetNumber="2" row="8" column="2"/>
<aspectLocation factAttributes="attr1_5_3">
<specialValueMappingMode value="" mode="ignore"/>
<concept ref="c_ei1930_y"/>
</aspectLocation>
</mapping>
<mapping>
<sheetMapLocation sheetNumber="2" row="9" column="2"/>
<aspectLocation factAttributes="attr1_5_3">
<specialValueMappingMode value="" mode="ignore"/>
<concept ref="c_ei1684_y"/>
</aspectLocation>
</mapping>
<mapping>
<sheetMapLocation sheetNumber="2" row="10" column="2"/>
<aspectLocation factAttributes="attr1_5_3">
<specialValueMappingMode value="" mode="ignore"/>
<concept ref="c_si5103_y"/>
</aspectLocation>
</mapping>
<mapping>
<sheetMapLocation sheetNumber="2" row="11" column="2"/>
<aspectLocation factAttributes="attr1_5_3">
<specialValueMappingMode value="" mode="ignore"/>
<concept ref="c_si5102_y"/>
</aspectLocation>
</mapping>
<mapping>
<sheetMapLocation sheetNumber="2" row="12" column="2"/>
<aspectLocation factAttributes="attr1_5_3">
<specialValueMappingMode value="" mode="ignore"/>
<concept ref="c_ei5096_y"/>
</aspectLocation>
</mapping>
<mapping>
<sheetMapLocation sheetNumber="2" row="13" column="2"/>
<aspectLocation factAttributes="attr1_5_3">
<specialValueMappingMode value="" mode="ignore"/>
<concept ref="c_ei5097_y"/>
</aspectLocation>
</mapping>
<mapping>
<sheetMapLocation sheetNumber="2" row="14" column="2"/>
<aspectLocation factAttributes="attr1_5_3">
<specialValueMappingMode value="" mode="ignore"/>
<concept ref="c_ei5020_y"/>
</aspectLocation>
</mapping>
<mapping converter="conv2_15_2">
<sheetMapLocation sheetNumber="2" row="15" column="2"/>
<aspectLocation factAttributes="attr2_15_2">
<specialValueMappingMode value="" mode="ignore"/>
<concept ref="c_ii5037_y"/>
</aspectLocation>
</mapping>
<mapping converter="conv2_15_2">
<sheetMapLocation sheetNumber="2" row="16" column="2"/>
<aspectLocation factAttributes="attr2_15_2">
<specialValueMappingMode value="" mode="ignore"/>
<concept ref="c_ii5039_y"/>
</aspectLocation>
</mapping>
<mapping converter="conv2_15_2">
<sheetMapLocation sheetNumber="3" row="5" column="6"/>
<aspectLocation factAttributes="attr3_5_6">
<specialValueMappingMode value="" mode="ignore"/>
<concept ref="c_mi5057_y"/>
<dimension ref="d_BL_x5029_x d_VG_x80_y"/>
</aspectLocation>
</mapping>
<mapping converter="conv2_15_2">
<sheetMapLocation sheetNumber="3" row="5" column="7"/>
<aspectLocation factAttributes="attr3_5_6">
<specialValueMappingMode value="" mode="ignore"/>
<concept ref="c_mi5057_y"/>
<dimension ref="d_BL_x5030_x d_VG_x80_y"/>
</aspectLocation>
</mapping>
<mapping converter="conv2_15_2">
<sheetMapLocation sheetNumber="3" row="5" column="8"/>
<aspectLocation factAttributes="attr3_5_6">
<specialValueMappingMode value="" mode="ignore"/>
<concept ref="c_mi5057_y"/>
<dimension ref="d_VG_x80_y"/>
</aspectLocation>
</mapping>
<mapping converter="conv2_15_2">
<sheetMapLocation sheetNumber="3" row="6" column="6"/>
<aspectLocation factAttributes="attr3_5_6">
<specialValueMappingMode value="" mode="ignore"/>
<concept ref="c_mi265_y"/>
<dimension ref="d_BL_x5029_x d_VG_x80_y"/>
</aspectLocation>
</mapping>
<mapping converter="conv2_15_2">
<sheetMapLocation sheetNumber="3" row="6" column="7"/>
<aspectLocation factAttributes="attr3_5_6">
<specialValueMappingMode value="" mode="ignore"/>
<concept ref="c_mi265_y"/>
<dimension ref="d_BL_x5030_x d_VG_x80_y"/>
</aspectLocation>
</mapping>
<mapping converter="conv2_15_2">
<sheetMapLocation sheetNumber="3" row="6" column="8"/>
<aspectLocation factAttributes="attr3_5_6">
<specialValueMappingMode value="" mode="ignore"/>
<concept ref="c_mi265_y"/>
<dimension ref="d_VG_x80_y"/>
</aspectLocation>
</mapping>
<mapping converter="conv2_15_2">
<sheetMapLocation sheetNumber="3" row="7" column="6"/>
<aspectLocation factAttributes="attr3_5_6">
<specialValueMappingMode value="" mode="ignore"/>
<concept ref="c_mi238_y"/>
<dimension ref="d_BL_x5029_x d_VG_x80_y"/>
</aspectLocation>
</mapping>
<mapping converter="conv2_15_2">
<sheetMapLocation sheetNumber="3" row="7" column="7"/>
<aspectLocation factAttributes="attr3_5_6">
<specialValueMappingMode value="" mode="ignore"/>
<concept ref="c_mi238_y"/>
<dimension ref="d_BL_x5030_x d_VG_x80_y"/>
</aspectLocation>
</mapping>
<mapping converter="conv2_15_2">
<sheetMapLocation sheetNumber="3" row="7" column="8"/>
<aspectLocation factAttributes="attr3_5_6">
<specialValueMappingMode value="" mode="ignore"/>
<concept ref="c_mi238_y"/>
<dimension ref="d_VG_x80_y"/>
</aspectLocation>
</mapping>
<mapping converter="conv2_15_2">
<sheetMapLocation sheetNumber="3" row="8" column="6"/>
<aspectLocation factAttributes="attr3_5_6">
<specialValueMappingMode value="" mode="ignore"/>
<concept ref="c_mi226_y"/>
<dimension ref="d_BL_x5029_x d_VG_x80_y"/>
</aspectLocation>
</mapping>
<mapping converter="conv2_15_2">
<sheetMapLocation sheetNumber="3" row="8" column="7"/>
<aspectLocation factAttributes="attr3_5_6">
<specialValueMappingMode value="" mode="ignore"/>
<concept ref="c_mi226_y"/>
<dimension ref="d_BL_x5030_x d_VG_x80_y"/>
</aspectLocation>
</mapping>
<mapping converter="conv2_15_2">
<sheetMapLocation sheetNumber="3" row="8" column="8"/>
<aspectLocation factAttributes="attr3_5_6">
<specialValueMappingMode value="" mode="ignore"/>
<concept ref="c_mi226_y"/>
<dimension ref="d_VG_x80_y"/>
</aspectLocation>
</mapping>
<mapping converter="conv2_15_2">
<sheetMapLocation sheetNumber="3" row="9" column="6"/>
<aspectLocation factAttributes="attr3_5_6">
<specialValueMappingMode value="" mode="ignore"/>
<concept ref="c_mi227_y"/>
<dimension ref="d_BL_x5029_x d_VG_x80_y"/>
</aspectLocation>
</mapping>
<mapping converter="conv2_15_2">
<sheetMapLocation sheetNumber="3" row="9" column="7"/>
<aspectLocation factAttributes="attr3_5_6">
<specialValueMappingMode value="" mode="ignore"/>
<concept ref="c_mi227_y"/>
<dimension ref="d_BL_x5030_x d_VG_x80_y"/>
</aspectLocation>
</mapping>
<mapping converter="conv2_15_2">
<sheetMapLocation sheetNumber="3" row="9" column="8"/>
<aspectLocation factAttributes="attr3_5_6">
<specialValueMappingMode value="" mode="ignore"/>
<concept ref="c_mi227_y"/>
<dimension ref="d_VG_x80_y"/>
</aspectLocation>
</mapping>
<mapping converter="conv2_15_2">
<sheetMapLocation sheetNumber="3" row="10" column="6"/>
<aspectLocation factAttributes="attr3_5_6">
<specialValueMappingMode value="" mode="ignore"/>
<concept ref="c_mi213_y"/>
<dimension ref="d_BL_x5029_x d_VG_x80_y"/>
</aspectLocation>
</mapping>
<mapping converter="conv2_15_2">
<sheetMapLocation sheetNumber="3" row="10" column="7"/>
<aspectLocation factAttributes="attr3_5_6">
<specialValueMappingMode value="" mode="ignore"/>
<concept ref="c_mi213_y"/>
<dimension ref="d_BL_x5030_x d_VG_x80_y"/>
</aspectLocation>
</mapping>
<mapping converter="conv2_15_2">
<sheetMapLocation sheetNumber="3" row="10" column="8"/>
<aspectLocation factAttributes="attr3_5_6">
<specialValueMappingMode value="" mode="ignore"/>
<concept ref="c_mi213_y"/>
<dimension ref="d_VG_x80_y"/>
</aspectLocation>
</mapping>
<mapping converter="conv2_15_2">
<sheetMapLocation sheetNumber="3" row="11" column="6"/>
<aspectLocation factAttributes="attr3_5_6">
<specialValueMappingMode value="" mode="ignore"/>
<concept ref="c_mi212_y"/>
<dimension ref="d_BL_x5029_x d_VG_x80_y"/>
</aspectLocation>
</mapping>
<mapping converter="conv2_15_2">
<sheetMapLocation sheetNumber="3" row="11" column="7"/>
<aspectLocation factAttributes="attr3_5_6">
<specialValueMappingMode value="" mode="ignore"/>
<concept ref="c_mi212_y"/>
<dimension ref="d_BL_x5030_x d_VG_x80_y"/>
</aspectLocation>
</mapping>
<mapping converter="conv2_15_2">
<sheetMapLocation sheetNumber="3" row="11" column="8"/>
<aspectLocation factAttributes="attr3_5_6">
<specialValueMappingMode value="" mode="ignore"/>
<concept ref="c_mi212_y"/>
<dimension ref="d_VG_x80_y"/>
</aspectLocation>
</mapping>
<mapping converter="conv2_15_2">
<sheetMapLocation sheetNumber="3" row="12" column="6"/>
<aspectLocation factAttributes="attr3_5_6">
<specialValueMappingMode value="" mode="ignore"/>
<concept ref="c_mi211_y"/>
<dimension ref="d_BL_x5029_x d_VG_x80_y"/>
</aspectLocation>
</mapping>
<mapping converter="conv2_15_2">
<sheetMapLocation sheetNumber="3" row="12" column="7"/>
<aspectLocation factAttributes="attr3_5_6">
<specialValueMappingMode value="" mode="ignore"/>
<concept ref="c_mi211_y"/>
<dimension ref="d_BL_x5030_x d_VG_x80_y"/>
</aspectLocation>
</mapping>
<mapping converter="conv2_15_2">
<sheetMapLocation sheetNumber="3" row="12" column="8"/>
<aspectLocation factAttributes="attr3_5_6">
<specialValueMappingMode value="" mode="ignore"/>
<concept ref="c_mi211_y"/>
<dimension ref="d_VG_x80_y"/>
</aspectLocation>
</mapping>
<mapping converter="conv2_15_2">
<sheetMapLocation sheetNumber="3" row="13" column="6"/>
<aspectLocation factAttributes="attr3_5_6">
<specialValueMappingMode value="" mode="ignore"/>
<concept ref="c_mi211_y"/>
<dimension ref="d_BL_x5029_x d_IS_x5001_y d_VG_x80_y"/>
</aspectLocation>
</mapping>
<mapping converter="conv2_15_2">
<sheetMapLocation sheetNumber="3" row="13" column="7"/>
<aspectLocation factAttributes="attr3_5_6">
<specialValueMappingMode value="" mode="ignore"/>
<concept ref="c_mi211_y"/>
<dimension ref="d_BL_x5030_x d_IS_x5001_y d_VG_x80_y"/>
</aspectLocation>
</mapping>
<mapping converter="conv2_15_2">
<sheetMapLocation sheetNumber="3" row="13" column="8"/>
<aspectLocation factAttributes="attr3_5_6">
<specialValueMappingMode value="" mode="ignore"/>
<concept ref="c_mi211_y"/>
<dimension ref="d_IS_x5001_y d_VG_x80_y"/>
</aspectLocation>
</mapping>
<mapping converter="conv2_15_2">
<sheetMapLocation sheetNumber="3" row="14" column="6"/>
<aspectLocation factAttributes="attr3_5_6">
<specialValueMappingMode value="" mode="ignore"/>
<concept ref="c_mi211_y"/>
<dimension ref="d_BL_x5029_x d_IS_x120_y d_VG_x80_y"/>
</aspectLocation>
</mapping>
<mapping converter="conv2_15_2">
<sheetMapLocation sheetNumber="3" row="14" column="7"/>
<aspectLocation factAttributes="attr3_5_6">
<specialValueMappingMode value="" mode="ignore"/>
<concept ref="c_mi211_y"/>
<dimension ref="d_BL_x5030_x d_IS_x120_y d_VG_x80_y"/>
</aspectLocation>
</mapping>
<mapping converter="conv2_15_2">
<sheetMapLocation sheetNumber="3" row="14" column="8"/>
<aspectLocation factAttributes="attr3_5_6">
<specialValueMappingMode value="" mode="ignore"/>
<concept ref="c_mi211_y"/>
<dimension ref="d_IS_x120_y d_VG_x80_y"/>
</aspectLocation>
</mapping>
<mapping converter="conv2_15_2">
<sheetMapLocation sheetNumber="3" row="15" column="6"/>
<aspectLocation factAttributes="attr3_5_6">
<specialValueMappingMode value="" mode="ignore"/>
<concept ref="c_mi5049_y"/>
<dimension ref="d_BL_x5029_x d_VG_x80_y"/>
</aspectLocation>
</mapping>
<mapping converter="conv2_15_2">
<sheetMapLocation sheetNumber="3" row="15" column="7"/>
<aspectLocation factAttributes="attr3_5_6">
<specialValueMappingMode value="" mode="ignore"/>
<concept ref="c_mi5049_y"/>
<dimension ref="d_BL_x5030_x d_VG_x80_y"/>
</aspectLocation>
</mapping>
<mapping converter="conv2_15_2">
<sheetMapLocation sheetNumber="3" row="15" column="8"/>
<aspectLocation factAttributes="attr3_5_6">
<specialValueMappingMode value="" mode="ignore"/>
<concept ref="c_mi5049_y"/>
<dimension ref="d_VG_x80_y"/>
</aspectLocation>
</mapping>
<mapping converter="conv2_15_2">
<sheetMapLocation sheetNumber="3" row="16" column="6"/>
<aspectLocation factAttributes="attr3_5_6">
<specialValueMappingMode value="" mode="ignore"/>
<concept ref="c_mi1964_y"/>
<dimension ref="d_BL_x5029_x d_VG_x80_y"/>
</aspectLocation>
</mapping>
<mapping converter="conv2_15_2">
<sheetMapLocation sheetNumber="3" row="16" column="7"/>
<aspectLocation factAttributes="attr3_5_6">
<specialValueMappingMode value="" mode="ignore"/>
<concept ref="c_mi1964_y"/>
<dimension ref="d_BL_x5030_x d_VG_x80_y"/>
</aspectLocation>
</mapping>
<mapping converter="conv2_15_2">
<sheetMapLocation sheetNumber="3" row="16" column="8"/>
<aspectLocation factAttributes="attr3_5_6">
<specialValueMappingMode value="" mode="ignore"/>
<concept ref="c_mi1964_y"/>
<dimension ref="d_VG_x80_y"/>
</aspectLocation>
</mapping>
<mapping converter="conv2_15_2">
<sheetMapLocation sheetNumber="3" row="17" column="6"/>
<aspectLocation factAttributes="attr3_5_6">
<specialValueMappingMode value="" mode="ignore"/>
<concept ref="c_mi5051_y"/>
<dimension ref="d_BL_x5029_x d_VG_x80_y"/>
</aspectLocation>
</mapping>
<mapping converter="conv2_15_2">
<sheetMapLocation sheetNumber="3" row="17" column="7"/>
<aspectLocation factAttributes="attr3_5_6">
<specialValueMappingMode value="" mode="ignore"/>
<concept ref="c_mi5051_y"/>
<dimension ref="d_BL_x5030_x d_VG_x80_y"/>
</aspectLocation>
</mapping>
<mapping converter="conv2_15_2">
<sheetMapLocation sheetNumber="3" row="17" column="8"/>
<aspectLocation factAttributes="attr3_5_6">
<specialValueMappingMode value="" mode="ignore"/>
<concept ref="c_mi5051_y"/>
<dimension ref="d_VG_x80_y"/>
</aspectLocation>
</mapping>
<mapping converter="conv2_15_2">
<sheetMapLocation sheetNumber="3" row="18" column="6"/>
<aspectLocation factAttributes="attr3_5_6">
<specialValueMappingMode value="" mode="ignore"/>
<concept ref="c_mi5052_y"/>
<dimension ref="d_BL_x5029_x d_VG_x80_y"/>
</aspectLocation>
</mapping>
<mapping converter="conv2_15_2">
<sheetMapLocation sheetNumber="3" row="18" column="7"/>
<aspectLocation factAttributes="attr3_5_6">
<specialValueMappingMode value="" mode="ignore"/>
<concept ref="c_mi5052_y"/>
<dimension ref="d_BL_x5030_x d_VG_x80_y"/>
</aspectLocation>
</mapping>
<mapping converter="conv2_15_2">
<sheetMapLocation sheetNumber="3" row="18" column="8"/>
<aspectLocation factAttributes="attr3_5_6">
<specialValueMappingMode value="" mode="ignore"/>
<concept ref="c_mi5052_y"/>
<dimension ref="d_VG_x80_y"/>
</aspectLocation>
</mapping>
<mapping converter="conv2_15_2">
<sheetMapLocation sheetNumber="3" row="19" column="6"/>
<aspectLocation factAttributes="attr3_5_6">
<specialValueMappingMode value="" mode="ignore"/>
<concept ref="c_mi5053_y"/>
<dimension ref="d_BL_x5029_x d_VG_x80_y"/>
</aspectLocation>
</mapping>
<mapping converter="conv2_15_2">
<sheetMapLocation sheetNumber="3" row="19" column="7"/>
<aspectLocation factAttributes="attr3_5_6">
<specialValueMappingMode value="" mode="ignore"/>
<concept ref="c_mi5053_y"/>
<dimension ref="d_BL_x5030_x d_VG_x80_y"/>
</aspectLocation>
</mapping>
<mapping converter="conv2_15_2">
<sheetMapLocation sheetNumber="3" row="19" column="8"/>
<aspectLocation factAttributes="attr3_5_6">
<specialValueMappingMode value="" mode="ignore"/>
<concept ref="c_mi5053_y"/>
<dimension ref="d_VG_x80_y"/>
</aspectLocation>
</mapping>
<mapping converter="conv2_15_2">
<sheetMapLocation sheetNumber="3" row="20" column="6"/>
<aspectLocation factAttributes="attr3_5_6">
<specialValueMappingMode value="" mode="ignore"/>
<concept ref="c_mi5054_y"/>
<dimension ref="d_BL_x5029_x d_VG_x80_y"/>
</aspectLocation>
</mapping>
<mapping converter="conv2_15_2">
<sheetMapLocation sheetNumber="3" row="20" column="7"/>
<aspectLocation factAttributes="attr3_5_6">
<specialValueMappingMode value="" mode="ignore"/>
<concept ref="c_mi5054_y"/>
<dimension ref="d_BL_x5030_x d_VG_x80_y"/>
</aspectLocation>
</mapping>
<mapping converter="conv2_15_2">
<sheetMapLocation sheetNumber="3" row="20" column="8"/>
<aspectLocation factAttributes="attr3_5_6">
<specialValueMappingMode value="" mode="ignore"/>
<concept ref="c_mi5054_y"/>
<dimension ref="d_VG_x80_y"/>
</aspectLocation>
</mapping>
<mapping converter="conv2_15_2">
<sheetMapLocation sheetNumber="3" row="21" column="6"/>
<aspectLocation factAttributes="attr3_5_6">
<specialValueMappingMode value="" mode="ignore"/>
<concept ref="c_mi5044_y"/>
<dimension ref="d_BL_x5029_x d_VG_x80_y"/>
</aspectLocation>
</mapping>
<mapping converter="conv2_15_2">
<sheetMapLocation sheetNumber="3" row="21" column="7"/>
<aspectLocation factAttributes="attr3_5_6">
<specialValueMappingMode value="" mode="ignore"/>
<concept ref="c_mi5044_y"/>
<dimension ref="d_BL_x5030_x d_VG_x80_y"/>
</aspectLocation>
</mapping>
<mapping converter="conv2_15_2">
<sheetMapLocation sheetNumber="3" row="21" column="8"/>
<aspectLocation factAttributes="attr3_5_6">
<specialValueMappingMode value="" mode="ignore"/>
<concept ref="c_mi5044_y"/>
<dimension ref="d_VG_x80_y"/>
</aspectLocation>
</mapping>
<mapping converter="conv2_15_2">
<sheetMapLocation sheetNumber="3" row="22" column="6"/>
<aspectLocation factAttributes="attr3_5_6">
<specialValueMappingMode value="" mode="ignore"/>
<concept ref="c_mi5050_y"/>
<dimension ref="d_BL_x5029_x d_VG_x80_y"/>
</aspectLocation>
</mapping>
<mapping converter="conv2_15_2">
<sheetMapLocation sheetNumber="3" row="22" column="7"/>
<aspectLocation factAttributes="attr3_5_6">
<specialValueMappingMode value="" mode="ignore"/>
<concept ref="c_mi5050_y"/>
<dimension ref="d_BL_x5030_x d_VG_x80_y"/>
</aspectLocation>
</mapping>
<mapping converter="conv2_15_2">
<sheetMapLocation sheetNumber="3" row="22" column="8"/>
<aspectLocation factAttributes="attr3_5_6">
<specialValueMappingMode value="" mode="ignore"/>
<concept ref="c_mi5050_y"/>
<dimension ref="d_VG_x80_y"/>
</aspectLocation>
</mapping>
<mapping converter="conv2_15_2">
<sheetMapLocation sheetNumber="3" row="23" column="6"/>
<aspectLocation factAttributes="attr3_5_6">
<specialValueMappingMode value="" mode="ignore"/>
<concept ref="c_mi224_y"/>
<dimension ref="d_BL_x5029_x d_VG_x80_y"/>
</aspectLocation>
</mapping>
<mapping converter="conv2_15_2">
<sheetMapLocation sheetNumber="3" row="23" column="7"/>
<aspectLocation factAttributes="attr3_5_6">
<specialValueMappingMode value="" mode="ignore"/>
<concept ref="c_mi224_y"/>
<dimension ref="d_BL_x5030_x d_VG_x80_y"/>
</aspectLocation>
</mapping>
<mapping converter="conv2_15_2">
<sheetMapLocation sheetNumber="3" row="23" column="8"/>
<aspectLocation factAttributes="attr3_5_6">
<specialValueMappingMode value="" mode="ignore"/>
<concept ref="c_mi224_y"/>
<dimension ref="d_VG_x80_y"/>
</aspectLocation>
</mapping>
<mapping converter="conv2_15_2">
<sheetMapLocation sheetNumber="3" row="24" column="6"/>
<aspectLocation factAttributes="attr3_5_6">
<specialValueMappingMode value="" mode="ignore"/>
<concept ref="c_mi5046_y"/>
<dimension ref="d_BL_x5029_x d_VG_x80_y"/>
</aspectLocation>
</mapping>
<mapping converter="conv2_15_2">
<sheetMapLocation sheetNumber="3" row="24" column="7"/>
<aspectLocation factAttributes="attr3_5_6">
<specialValueMappingMode value="" mode="ignore"/>
<concept ref="c_mi5046_y"/>
<dimension ref="d_BL_x5030_x d_VG_x80_y"/>
</aspectLocation>
</mapping>
<mapping converter="conv2_15_2">
<sheetMapLocation sheetNumber="3" row="24" column="8"/>
<aspectLocation factAttributes="attr3_5_6">
<specialValueMappingMode value="" mode="ignore"/>
<concept ref="c_mi5046_y"/>
<dimension ref="d_VG_x80_y"/>
</aspectLocation>
</mapping>
<mapping converter="conv2_15_2">
<sheetMapLocation sheetNumber="3" row="25" column="6"/>
<aspectLocation factAttributes="attr3_5_6">
<specialValueMappingMode value="" mode="ignore"/>
<concept ref="c_mi5045_y"/>
<dimension ref="d_BL_x5029_x d_VG_x80_y"/>
</aspectLocation>
</mapping>
<mapping converter="conv2_15_2">
<sheetMapLocation sheetNumber="3" row="25" column="7"/>
<aspectLocation factAttributes="attr3_5_6">
<specialValueMappingMode value="" mode="ignore"/>
<concept ref="c_mi5045_y"/>
<dimension ref="d_BL_x5030_x d_VG_x80_y"/>
</aspectLocation>
</mapping>
<mapping converter="conv2_15_2">
<sheetMapLocation sheetNumber="3" row="25" column="8"/>
<aspectLocation factAttributes="attr3_5_6">
<specialValueMappingMode value="" mode="ignore"/>
<concept ref="c_mi5045_y"/>
<dimension ref="d_VG_x80_y"/>
</aspectLocation>
</mapping>
<mapping converter="conv2_15_2">
<sheetMapLocation sheetNumber="3" row="26" column="6"/>
<aspectLocation factAttributes="attr3_5_6">
<specialValueMappingMode value="" mode="ignore"/>
<concept ref="c_mi5055_y"/>
<dimension ref="d_BL_x5029_x d_VG_x80_y"/>
</aspectLocation>
</mapping>
<mapping converter="conv2_15_2">
<sheetMapLocation sheetNumber="3" row="26" column="7"/>
<aspectLocation factAttributes="attr3_5_6">
<specialValueMappingMode value="" mode="ignore"/>
<concept ref="c_mi5055_y"/>
<dimension ref="d_BL_x5030_x d_VG_x80_y"/>
</aspectLocation>
</mapping>
<mapping converter="conv2_15_2">
<sheetMapLocation sheetNumber="3" row="26" column="8"/>
<aspectLocation factAttributes="attr3_5_6">
<specialValueMappingMode value="" mode="ignore"/>
<concept ref="c_mi5055_y"/>
<dimension ref="d_VG_x80_y"/>
</aspectLocation>
</mapping>
<mapping converter="conv2_15_2">
<sheetMapLocation sheetNumber="3" row="27" column="6"/>
<aspectLocation factAttributes="attr3_5_6">
<specialValueMappingMode value="" mode="ignore"/>
<concept ref="c_mi5056_y"/>
<dimension ref="d_BL_x5029_x d_VG_x80_y"/>
</aspectLocation>
</mapping>
<mapping converter="conv2_15_2">
<sheetMapLocation sheetNumber="3" row="27" column="7"/>
<aspectLocation factAttributes="attr3_5_6">
<specialValueMappingMode value="" mode="ignore"/>
<concept ref="c_mi5056_y"/>
<dimension ref="d_BL_x5030_x d_VG_x80_y"/>
</aspectLocation>
</mapping>
<mapping converter="conv2_15_2">
<sheetMapLocation sheetNumber="3" row="27" column="8"/>
<aspectLocation factAttributes="attr3_5_6">
<specialValueMappingMode value="" mode="ignore"/>
<concept ref="c_mi5056_y"/>
<dimension ref="d_VG_x80_y"/>
</aspectLocation>
</mapping>
<mapping converter="conv2_15_2">
<sheetMapLocation sheetNumber="3" row="28" column="6"/>
<aspectLocation factAttributes="attr3_5_6">
<specialValueMappingMode value="" mode="ignore"/>
<concept ref="c_mi5048_y"/>
<dimension ref="d_BL_x5029_x d_VG_x80_y"/>
</aspectLocation>
</mapping>
<mapping converter="conv2_15_2">
<sheetMapLocation sheetNumber="3" row="28" column="7"/>
<aspectLocation factAttributes="attr3_5_6">
<specialValueMappingMode value="" mode="ignore"/>
<concept ref="c_mi5048_y"/>
<dimension ref="d_BL_x5030_x d_VG_x80_y"/>
</aspectLocation>
</mapping>
<mapping converter="conv2_15_2">
<sheetMapLocation sheetNumber="3" row="28" column="8"/>
<aspectLocation factAttributes="attr3_5_6">
<specialValueMappingMode value="" mode="ignore"/>
<concept ref="c_mi5048_y"/>
<dimension ref="d_VG_x80_y"/>
</aspectLocation>
</mapping>
<mapping converter="conv2_15_2">
<sheetMapLocation sheetNumber="3" row="29" column="6"/>
<aspectLocation factAttributes="attr3_5_6">
<specialValueMappingMode value="" mode="ignore"/>
<concept ref="c_mi239_y"/>
<dimension ref="d_BL_x5029_x d_VG_x80_y"/>
</aspectLocation>
</mapping>
<mapping converter="conv2_15_2">
<sheetMapLocation sheetNumber="3" row="29" column="7"/>
<aspectLocation factAttributes="attr3_5_6">
<specialValueMappingMode value="" mode="ignore"/>
<concept ref="c_mi239_y"/>
<dimension ref="d_BL_x5030_x d_VG_x80_y"/>
</aspectLocation>
</mapping>
<mapping converter="conv2_15_2">
<sheetMapLocation sheetNumber="3" row="29" column="8"/>
<aspectLocation factAttributes="attr3_5_6">
<specialValueMappingMode value="" mode="ignore"/>
<concept ref="c_mi239_y"/>
<dimension ref="d_VG_x80_y"/>
</aspectLocation>
</mapping>
<mapping converter="conv2_15_2">
<sheetMapLocation sheetNumber="3" row="30" column="6"/>
<aspectLocation factAttributes="attr3_5_6">
<specialValueMappingMode value="" mode="ignore"/>
<concept ref="c_mi5047_y"/>
<dimension ref="d_BL_x5029_x d_VG_x80_y"/>
</aspectLocation>
</mapping>
<mapping converter="conv2_15_2">
<sheetMapLocation sheetNumber="3" row="30" column="7"/>
<aspectLocation factAttributes="attr3_5_6">
<specialValueMappingMode value="" mode="ignore"/>
<concept ref="c_mi5047_y"/>
<dimension ref="d_BL_x5030_x d_VG_x80_y"/>
</aspectLocation>
</mapping>
<mapping converter="conv2_15_2">
<sheetMapLocation sheetNumber="3" row="30" column="8"/>
<aspectLocation factAttributes="attr3_5_6">
<specialValueMappingMode value="" mode="ignore"/>
<concept ref="c_mi5047_y"/>
<dimension ref="d_VG_x80_y"/>
</aspectLocation>
</mapping>
<mapping converter="conv2_15_2">
<sheetMapLocation sheetNumber="3" row="31" column="6"/>
<aspectLocation factAttributes="attr3_5_6">
<specialValueMappingMode value="" mode="ignore"/>
<concept ref="c_mi201_y"/>
<dimension ref="d_BL_x5029_x d_VG_x80_y"/>
</aspectLocation>
</mapping>
<mapping converter="conv2_15_2">
<sheetMapLocation sheetNumber="3" row="31" column="7"/>
<aspectLocation factAttributes="attr3_5_6">
<specialValueMappingMode value="" mode="ignore"/>
<concept ref="c_mi201_y"/>
<dimension ref="d_BL_x5030_x d_VG_x80_y"/>
</aspectLocation>
</mapping>
<mapping converter="conv2_15_2">
<sheetMapLocation sheetNumber="3" row="31" column="8"/>
<aspectLocation factAttributes="attr3_5_6">
<specialValueMappingMode value="" mode="ignore"/>
<concept ref="c_mi201_y"/>
<dimension ref="d_VG_x80_y"/>
</aspectLocation>
</mapping>
<mapping converter="conv2_15_2">
<sheetMapLocation sheetNumber="3" row="33" column="6"/>
<aspectLocation factAttributes="attr3_5_6">
<specialValueMappingMode value="" mode="ignore"/>
<concept ref="c_mi351_y"/>
<dimension ref="d_BL_x5029_x d_VG_x84_y"/>
</aspectLocation>
</mapping>
<mapping converter="conv2_15_2">
<sheetMapLocation sheetNumber="3" row="33" column="7"/>
<aspectLocation factAttributes="attr3_5_6">
<specialValueMappingMode value="" mode="ignore"/>
<concept ref="c_mi351_y"/>
<dimension ref="d_BL_x5030_x d_VG_x84_y"/>
</aspectLocation>
</mapping>
<mapping converter="conv2_15_2">
<sheetMapLocation sheetNumber="3" row="33" column="8"/>
<aspectLocation factAttributes="attr3_5_6">
<specialValueMappingMode value="" mode="ignore"/>
<concept ref="c_mi351_y"/>
<dimension ref="d_VG_x84_y"/>
</aspectLocation>
</mapping>
<mapping converter="conv2_15_2">
<sheetMapLocation sheetNumber="3" row="34" column="6"/>
<aspectLocation factAttributes="attr3_5_6">
<specialValueMappingMode value="" mode="ignore"/>
<concept ref="c_mi5072_y"/>
<dimension ref="d_BL_x5029_x d_VG_x84_y"/>
</aspectLocation>
</mapping>
<mapping converter="conv2_15_2">
<sheetMapLocation sheetNumber="3" row="34" column="7"/>
<aspectLocation factAttributes="attr3_5_6">
<specialValueMappingMode value="" mode="ignore"/>
<concept ref="c_mi5072_y"/>
<dimension ref="d_BL_x5030_x d_VG_x84_y"/>
</aspectLocation>
</mapping>
<mapping converter="conv2_15_2">
<sheetMapLocation sheetNumber="3" row="34" column="8"/>
<aspectLocation factAttributes="attr3_5_6">
<specialValueMappingMode value="" mode="ignore"/>
<concept ref="c_mi5072_y"/>
<dimension ref="d_VG_x84_y"/>
</aspectLocation>
</mapping>
<mapping converter="conv2_15_2">
<sheetMapLocation sheetNumber="3" row="35" column="6"/>
<aspectLocation factAttributes="attr3_5_6">
<specialValueMappingMode value="" mode="ignore"/>
<concept ref="c_mi5074_y"/>
<dimension ref="d_BL_x5029_x d_VG_x84_y"/>
</aspectLocation>
</mapping>
<mapping converter="conv2_15_2">
<sheetMapLocation sheetNumber="3" row="35" column="7"/>
<aspectLocation factAttributes="attr3_5_6">
<specialValueMappingMode value="" mode="ignore"/>
<concept ref="c_mi5074_y"/>
<dimension ref="d_BL_x5030_x d_VG_x84_y"/>
</aspectLocation>
</mapping>
<mapping converter="conv2_15_2">
<sheetMapLocation sheetNumber="3" row="35" column="8"/>
<aspectLocation factAttributes="attr3_5_6">
<specialValueMappingMode value="" mode="ignore"/>
<concept ref="c_mi5074_y"/>
<dimension ref="d_VG_x84_y"/>
</aspectLocation>
</mapping>
<mapping converter="conv2_15_2">
<sheetMapLocation sheetNumber="3" row="36" column="6"/>
<aspectLocation factAttributes="attr3_5_6">
<specialValueMappingMode value="" mode="ignore"/>
<concept ref="c_mi5073_y"/>
<dimension ref="d_BL_x5029_x d_VG_x84_y"/>
</aspectLocation>
</mapping>
<mapping converter="conv2_15_2">
<sheetMapLocation sheetNumber="3" row="36" column="7"/>
<aspectLocation factAttributes="attr3_5_6">
<specialValueMappingMode value="" mode="ignore"/>
<concept ref="c_mi5073_y"/>
<dimension ref="d_BL_x5030_x d_VG_x84_y"/>
</aspectLocation>
</mapping>
<mapping converter="conv2_15_2">
<sheetMapLocation sheetNumber="3" row="36" column="8"/>
<aspectLocation factAttributes="attr3_5_6">
<specialValueMappingMode value="" mode="ignore"/>
<concept ref="c_mi5073_y"/>
<dimension ref="d_VG_x84_y"/>
</aspectLocation>
</mapping>
<mapping converter="conv2_15_2">
<sheetMapLocation sheetNumber="3" row="37" column="6"/>
<aspectLocation factAttributes="attr3_5_6">
<specialValueMappingMode value="" mode="ignore"/>
<concept ref="c_mi346_y"/>
<dimension ref="d_BL_x5029_x d_VG_x84_y"/>
</aspectLocation>
</mapping>
<mapping converter="conv2_15_2">
<sheetMapLocation sheetNumber="3" row="37" column="7"/>
<aspectLocation factAttributes="attr3_5_6">
<specialValueMappingMode value="" mode="ignore"/>
<concept ref="c_mi346_y"/>
<dimension ref="d_BL_x5030_x d_VG_x84_y"/>
</aspectLocation>
</mapping>
<mapping converter="conv2_15_2">
<sheetMapLocation sheetNumber="3" row="37" column="8"/>
<aspectLocation factAttributes="attr3_5_6">
<specialValueMappingMode value="" mode="ignore"/>
<concept ref="c_mi346_y"/>
<dimension ref="d_VG_x84_y"/>
</aspectLocation>
</mapping>
<mapping converter="conv2_15_2">
<sheetMapLocation sheetNumber="3" row="38" column="6"/>
<aspectLocation factAttributes="attr3_5_6">
<specialValueMappingMode value="" mode="ignore"/>
<concept ref="c_mi5080_y"/>
<dimension ref="d_BL_x5029_x"/>
</aspectLocation>
</mapping>
<mapping converter="conv2_15_2">
<sheetMapLocation sheetNumber="3" row="38" column="7"/>
<aspectLocation factAttributes="attr3_5_6">
<specialValueMappingMode value="" mode="ignore"/>
<concept ref="c_mi5080_y"/>
<dimension ref="d_BL_x5030_x"/>
</aspectLocation>
</mapping>
<mapping converter="conv2_15_2">
<sheetMapLocation sheetNumber="3" row="38" column="8"/>
<aspectLocation factAttributes="attr3_5_6">
<specialValueMappingMode value="" mode="ignore"/>
<concept ref="c_mi5080_y"/>
</aspectLocation>
</mapping>
<mapping converter="conv2_15_2">
<sheetMapLocation sheetNumber="3" row="39" column="6"/>
<aspectLocation factAttributes="attr3_5_6">
<specialValueMappingMode value="" mode="ignore"/>
<concept ref="c_mi5082_y"/>
<dimension ref="d_BL_x5029_x d_VG_x84_y"/>
</aspectLocation>
</mapping>
<mapping converter="conv2_15_2">
<sheetMapLocation sheetNumber="3" row="39" column="7"/>
<aspectLocation factAttributes="attr3_5_6">
<specialValueMappingMode value="" mode="ignore"/>
<concept ref="c_mi5082_y"/>
<dimension ref="d_BL_x5030_x d_VG_x84_y"/>
</aspectLocation>
</mapping>
<mapping converter="conv2_15_2">
<sheetMapLocation sheetNumber="3" row="39" column="8"/>
<aspectLocation factAttributes="attr3_5_6">
<specialValueMappingMode value="" mode="ignore"/>
<concept ref="c_mi5082_y"/>
<dimension ref="d_VG_x84_y"/>
</aspectLocation>
</mapping>
<mapping converter="conv2_15_2">
<sheetMapLocation sheetNumber="3" row="40" column="6"/>
<aspectLocation factAttributes="attr3_5_6">
<specialValueMappingMode value="" mode="ignore"/>
<concept ref="c_mi5083_y"/>
<dimension ref="d_BL_x5029_x d_VG_x84_y"/>
</aspectLocation>
</mapping>
<mapping converter="conv2_15_2">
<sheetMapLocation sheetNumber="3" row="40" column="7"/>
<aspectLocation factAttributes="attr3_5_6">
<specialValueMappingMode value="" mode="ignore"/>
<concept ref="c_mi5083_y"/>
<dimension ref="d_BL_x5030_x d_VG_x84_y"/>
</aspectLocation>
</mapping>
<mapping converter="conv2_15_2">
<sheetMapLocation sheetNumber="3" row="40" column="8"/>
<aspectLocation factAttributes="attr3_5_6">
<specialValueMappingMode value="" mode="ignore"/>
<concept ref="c_mi5083_y"/>
<dimension ref="d_VG_x84_y"/>
</aspectLocation>
</mapping>
<mapping converter="conv2_15_2">
<sheetMapLocation sheetNumber="3" row="41" column="6"/>
<aspectLocation factAttributes="attr3_5_6">
<specialValueMappingMode value="" mode="ignore"/>
<concept ref="c_mi5070_y"/>
<dimension ref="d_BL_x5029_x d_VG_x84_y"/>
</aspectLocation>
</mapping>
<mapping converter="conv2_15_2">
<sheetMapLocation sheetNumber="3" row="41" column="7"/>
<aspectLocation factAttributes="attr3_5_6">
<specialValueMappingMode value="" mode="ignore"/>
<concept ref="c_mi5070_y"/>
<dimension ref="d_BL_x5030_x d_VG_x84_y"/>
</aspectLocation>
</mapping>
<mapping converter="conv2_15_2">
<sheetMapLocation sheetNumber="3" row="41" column="8"/>
<aspectLocation factAttributes="attr3_5_6">
<specialValueMappingMode value="" mode="ignore"/>
<concept ref="c_mi5070_y"/>
<dimension ref="d_VG_x84_y"/>
</aspectLocation>
</mapping>
<mapping converter="conv2_15_2">
<sheetMapLocation sheetNumber="3" row="42" column="6"/>
<aspectLocation factAttributes="attr3_5_6">
<specialValueMappingMode value="" mode="ignore"/>
<concept ref="c_mi5079_y"/>
<dimension ref="d_BL_x5029_x d_VG_x84_y"/>
</aspectLocation>
</mapping>
<mapping converter="conv2_15_2">
<sheetMapLocation sheetNumber="3" row="42" column="7"/>
<aspectLocation factAttributes="attr3_5_6">
<specialValueMappingMode value="" mode="ignore"/>
<concept ref="c_mi5079_y"/>
<dimension ref="d_BL_x5030_x d_VG_x84_y"/>
</aspectLocation>
</mapping>
<mapping converter="conv2_15_2">
<sheetMapLocation sheetNumber="3" row="42" column="8"/>
<aspectLocation factAttributes="attr3_5_6">
<specialValueMappingMode value="" mode="ignore"/>
<concept ref="c_mi5079_y"/>
<dimension ref="d_VG_x84_y"/>
</aspectLocation>
</mapping>
<repeatMapping>
<sheetRepeatMappingInformation sheetNumber="4" row="4" column="0" rowSize="1" columnSize="11" defaultMaxRepeatCount="1" allowExtension="true" ignoreEmptyData="true" repeatDirection="row">
<cellValueRepeatStopper value="" columnOffset="0" rowOffset="0"/>
</sheetRepeatMappingInformation>
<repeatMappingInformation/>
<mapping>
<sheetMapLocation sheetNumber="4" row="4" column="2"/>
<aspectLocation factAttributes="attr1_5_3">
<specialValueMappingMode value="" mode="ignore"/>
<concept ref="c_ei5100_x"/>
<dimension ref="d_UI_y d_XJ_y"/>
</aspectLocation>
</mapping>
<mapping>
<sheetMapLocation sheetNumber="4" row="4" column="3"/>
<aspectLocation factAttributes="attr1_5_3">
<specialValueMappingMode value="" mode="ignore"/>
<concept ref="c_ei1061_x"/>
<dimension ref="d_UI_y d_XJ_y"/>
</aspectLocation>
</mapping>
<mapping>
<sheetMapLocation sheetNumber="4" row="4" column="4"/>
<aspectLocation factAttributes="attr1_5_3">
<specialValueMappingMode value="" mode="ignore"/>
<concept ref="c_si1780_x"/>
<dimension ref="d_UI_y d_XJ_y"/>
</aspectLocation>
</mapping>
<mapping converter="conv2_15_2">
<sheetMapLocation sheetNumber="4" row="4" column="5"/>
<aspectLocation factAttributes="attr2_15_2">
<specialValueMappingMode value="" mode="ignore"/>
<concept ref="c_ri2265_x"/>
<dimension ref="d_UI_y d_XJ_y"/>
</aspectLocation>
</mapping>
<mapping converter="conv2_15_2">
<sheetMapLocation sheetNumber="4" row="4" column="6"/>
<aspectLocation factAttributes="attr3_5_6">
<specialValueMappingMode value="" mode="ignore"/>
<concept ref="c_mi1110_x"/>
<dimension ref="d_UI_y d_XJ_y"/>
</aspectLocation>
</mapping>
<mapping>
<sheetMapLocation sheetNumber="4" row="4" column="7"/>
<aspectLocation factAttributes="attr1_5_3">
<specialValueMappingMode value="" mode="ignore"/>
<concept ref="c_ei5118_x"/>
<dimension ref="d_UI_y d_XJ_y"/>
</aspectLocation>
</mapping>
<mapping converter="conv2_15_2">
<sheetMapLocation sheetNumber="4" row="4" column="8"/>
<aspectLocation factAttributes="attr3_5_6">
<specialValueMappingMode value="" mode="ignore"/>
<concept ref="c_mi1987_x"/>
<dimension ref="d_UI_y d_XJ_y"/>
</aspectLocation>
</mapping>
<mapping converter="conv2_15_2">
<sheetMapLocation sheetNumber="4" row="4" column="9"/>
<aspectLocation factAttributes="attr3_5_6">
<specialValueMappingMode value="" mode="ignore"/>
<concept ref="c_mi1128_x"/>
<dimension ref="d_UI_y d_XJ_y"/>
</aspectLocation>
</mapping>
<mapping converter="conv2_15_2">
<sheetMapLocation sheetNumber="4" row="4" column="10"/>
<aspectLocation factAttributes="attr3_5_6">
<specialValueMappingMode value="" mode="ignore"/>
<concept ref="c_mi5092_x"/>
<dimension ref="d_UI_y d_XJ_y"/>
</aspectLocation>
</mapping>
</repeatMapping>
<repeatMapping>
<sheetRepeatMappingInformation sheetNumber="5" row="4" column="0" rowSize="1" columnSize="17" defaultMaxRepeatCount="1" allowExtension="true" ignoreEmptyData="true" repeatDirection="row">
<cellValueRepeatStopper value="" columnOffset="0" rowOffset="0"/>
</sheetRepeatMappingInformation>
<repeatMappingInformation/>
<mapping>
<sheetMapLocation sheetNumber="5" row="4" column="1"/>
<aspectLocation factAttributes="attr1_5_3">
<specialValueMappingMode value="" mode="ignore"/>
<concept ref="c_si1338_x"/>
<dimension ref="d_UI_y_1"/>
</aspectLocation>
</mapping>
<mapping>
<sheetMapLocation sheetNumber="5" row="4" column="2"/>
<aspectLocation factAttributes="attr1_5_3">
<specialValueMappingMode value="" mode="ignore"/>
<concept ref="c_si1381_x"/>
<dimension ref="d_UI_y_1"/>
</aspectLocation>
</mapping>
<mapping>
<sheetMapLocation sheetNumber="5" row="4" column="3"/>
<aspectLocation factAttributes="attr1_5_3">
<specialValueMappingMode value="" mode="ignore"/>
<concept ref="c_si1552_x"/>
<dimension ref="d_UI_y_1"/>
</aspectLocation>
</mapping>
<mapping>
<sheetMapLocation sheetNumber="5" row="4" column="4"/>
<aspectLocation factAttributes="attr1_5_3">
<specialValueMappingMode value="" mode="ignore"/>
<concept ref="c_ei1658_x"/>
<dimension ref="d_UI_y_1"/>
</aspectLocation>
</mapping>
<mapping>
<sheetMapLocation sheetNumber="5" row="4" column="5"/>
<aspectLocation factAttributes="attr1_5_3">
<specialValueMappingMode value="" mode="ignore"/>
<concept ref="c_si1337_x"/>
<dimension ref="d_UI_y_1"/>
</aspectLocation>
</mapping>
<mapping>
<sheetMapLocation sheetNumber="5" row="4" column="6"/>
<aspectLocation factAttributes="attr1_5_3">
<specialValueMappingMode value="" mode="ignore"/>
<concept ref="c_si1553_x"/>
<dimension ref="d_UI_y_1"/>
</aspectLocation>
</mapping>
<mapping>
<sheetMapLocation sheetNumber="5" row="4" column="7"/>
<aspectLocation factAttributes="attr1_5_3">
<specialValueMappingMode value="" mode="ignore"/>
<concept ref="c_ei1062_x"/>
<dimension ref="d_UI_y_1"/>
</aspectLocation>
</mapping>
<mapping>
<sheetMapLocation sheetNumber="5" row="4" column="8"/>
<aspectLocation factAttributes="attr1_5_3">
<specialValueMappingMode value="" mode="ignore"/>
<concept ref="c_ei1024_x"/>
<dimension ref="d_UI_y_1"/>
</aspectLocation>
</mapping>
<mapping>
<sheetMapLocation sheetNumber="5" row="4" column="9"/>
<aspectLocation factAttributes="attr1_5_3">
<specialValueMappingMode value="" mode="ignore"/>
<concept ref="c_si1554_x"/>
<dimension ref="d_UI_y_1"/>
</aspectLocation>
</mapping>
<mapping>
<sheetMapLocation sheetNumber="5" row="4" column="10"/>
<aspectLocation factAttributes="attr1_5_3">
<specialValueMappingMode value="" mode="ignore"/>
<concept ref="c_ei5001_x"/>
<dimension ref="d_UI_y_1"/>
</aspectLocation>
</mapping>
<mapping>
<sheetMapLocation sheetNumber="5" row="4" column="11"/>
<aspectLocation factAttributes="attr1_5_3">
<specialValueMappingMode value="" mode="ignore"/>
<concept ref="c_si1555_x"/>
<dimension ref="d_UI_y_1"/>
</aspectLocation>
</mapping>
<mapping>
<sheetMapLocation sheetNumber="5" row="4" column="12"/>
<aspectLocation factAttributes="attr1_5_3">
<specialValueMappingMode value="" mode="ignore"/>
<concept ref="c_ei2518_x"/>
<dimension ref="d_UI_y_1"/>
</aspectLocation>
</mapping>
<mapping converter="conv2_15_2">
<sheetMapLocation sheetNumber="5" row="4" column="13"/>
<aspectLocation factAttributes="attr3_5_6">
<specialValueMappingMode value="" mode="ignore"/>
<concept ref="c_mi1126_x"/>
<dimension ref="d_UI_y_1"/>
</aspectLocation>
</mapping>
<mapping converter="conv2_15_2">
<sheetMapLocation sheetNumber="5" row="4" column="14"/>
<aspectLocation factAttributes="attr5_4_14">
<specialValueMappingMode value="" mode="ignore"/>
<concept ref="c_pi1286_x"/>
<dimension ref="d_UI_y_1"/>
</aspectLocation>
</mapping>
<mapping converter="conv2_15_2">
<sheetMapLocation sheetNumber="5" row="4" column="15"/>
<aspectLocation factAttributes="attr2_15_2">
<specialValueMappingMode value="" mode="ignore"/>
<concept ref="c_ri2266_x"/>
<dimension ref="d_UI_y_1"/>
</aspectLocation>
</mapping>
<mapping>
<sheetMapLocation sheetNumber="5" row="4" column="16"/>
<aspectLocation factAttributes="attr1_5_3">
<specialValueMappingMode value="" mode="ignore"/>
<concept ref="c_di1041_x"/>
<dimension ref="d_UI_y_1"/>
</aspectLocation>
</mapping>
</repeatMapping>
<repeatMapping>
<sheetRepeatMappingInformation sheetNumber="6" row="4" column="0" rowSize="1" columnSize="12" defaultMaxRepeatCount="1" allowExtension="true" ignoreEmptyData="true" repeatDirection="row">
<cellValueRepeatStopper value="" columnOffset="0" rowOffset="0"/>
</sheetRepeatMappingInformation>
<repeatMappingInformation/>
<mapping>
<sheetMapLocation sheetNumber="6" row="4" column="4"/>
<aspectLocation factAttributes="attr1_5_3">
<specialValueMappingMode value="" mode="ignore"/>
<concept ref="c_si2512_x"/>
<dimension ref="d_YW_y d_YU_y d_YT_y d_YS_y"/>
</aspectLocation>
</mapping>
<mapping converter="conv2_15_2">
<sheetMapLocation sheetNumber="6" row="4" column="5"/>
<aspectLocation factAttributes="attr3_5_6">
<specialValueMappingMode value="" mode="ignore"/>
<concept ref="c_mi2507_x"/>
<dimension ref="d_YW_y d_YU_y d_YT_y d_YS_y"/>
</aspectLocation>
</mapping>
<mapping>
<sheetMapLocation sheetNumber="6" row="4" column="6"/>
<aspectLocation factAttributes="attr1_5_3">
<specialValueMappingMode value="" mode="ignore"/>
<concept ref="c_si2508_x"/>
<dimension ref="d_YW_y d_YU_y d_YT_y d_YS_y"/>
</aspectLocation>
</mapping>
<mapping>
<sheetMapLocation sheetNumber="6" row="4" column="7"/>
<aspectLocation factAttributes="attr1_5_3">
<specialValueMappingMode value="" mode="ignore"/>
<concept ref="c_di2509_x"/>
<dimension ref="d_YW_y d_YU_y d_YT_y d_YS_y"/>
</aspectLocation>
</mapping>
<mapping converter="conv2_15_2">
<sheetMapLocation sheetNumber="6" row="4" column="8"/>
<aspectLocation factAttributes="attr2_15_2">
<specialValueMappingMode value="" mode="ignore"/>
<concept ref="c_ii2510_x"/>
<dimension ref="d_YW_y d_YU_y d_YT_y d_YS_y"/>
</aspectLocation>
</mapping>
<mapping converter="conv2_15_2">
<sheetMapLocation sheetNumber="6" row="4" column="9"/>
<aspectLocation factAttributes="attr2_15_2">
<specialValueMappingMode value="" mode="ignore"/>
<concept ref="c_ri2511_x"/>
<dimension ref="d_YW_y d_YU_y d_YT_y d_YS_y"/>
</aspectLocation>
</mapping>
<mapping converter="conv2_15_2">
<sheetMapLocation sheetNumber="6" row="4" column="10"/>
<aspectLocation factAttributes="attr5_4_14">
<specialValueMappingMode value="" mode="ignore"/>
<concept ref="c_pi1550_x"/>
<dimension ref="d_YW_y d_YU_y d_YT_y d_YS_y"/>
</aspectLocation>
</mapping>
<mapping>
<sheetMapLocation sheetNumber="6" row="4" column="11"/>
<aspectLocation factAttributes="attr1_5_3">
<specialValueMappingMode value="" mode="ignore"/>
<concept ref="c_bi7_x"/>
<dimension ref="d_YW_y d_YU_y d_YT_y d_YS_y"/>
</aspectLocation>
</mapping>
</repeatMapping>
</mappingDefinition>
</mappingRoot>
