<?xml version="1.0"?>
<!--Generated by Interstage XWand Mapping Generator B0025 October 12, 2018 -->
<!--Generated at 2019/04/25 09:32:22-->
<mappingRoot from="sheet" to="xbrl">
<sheetInformation/>
<xbrlInformation>
<aspectLocation>
<periodStart>
<sheetMapLocation sheetNumber="0" row="4" column="1"/>
</periodStart>
<periodEnd>
<sheetMapLocation sheetNumber="0" row="5" column="1"/>
</periodEnd>
<identifier>
<sheetMapLocation sheetNumber="0" row="6" column="1"/>
</identifier>
<scheme>
<sheetMapLocation sheetNumber="0" row="7" column="1"/>
</scheme>
<currency>
<sheetMapLocation sheetNumber="0" row="8" column="1"/>
</currency>
<language>
<sheetMapLocation sheetNumber="0" row="9" column="1"/>
</language>
</aspectLocation>
<contextFilterDefinition/>
<factAttributesDefinition>
<factAttributes unitContent="{http://www.xbrl.org/2003/instance}:pure" precisionDecimalsValue="0" unitMode="content" precisionDecimalsMode="fixedDecimals" id="attr1_5_3"/>
<factAttributes precisionDecimalsMode="eiopaRuleB" id="attr2_5_3"/>
<factAttributes unitMode="auto" precisionDecimalsMode="auto" id="attr3_5_3"/>
<factAttributes unitContent="{http://www.xbrl.org/2003/instance}:pure" precisionDecimalsValue="4" unitMode="content" precisionDecimalsMode="fixedDecimals" id="attr6_4_10"/>
</factAttributesDefinition>
<dimensionAttributesDefinition>
<dimensionAttributes id="d_BL_x5029_x" namespaceURI="http://eiopa.europa.eu/xbrl/s2c/dict/dim" localName="BL" value="{http://eiopa.europa.eu/xbrl/s2c/dict/dom/LB}:x5029" axis="x"/>
<dimensionAttributes id="d_BL_x5030_x" namespaceURI="http://eiopa.europa.eu/xbrl/s2c/dict/dim" localName="BL" value="{http://eiopa.europa.eu/xbrl/s2c/dict/dom/LB}:x5030" axis="x"/>
<dimensionAttributes id="d_VG_x84_x" namespaceURI="http://eiopa.europa.eu/xbrl/s2c/dict/dim" localName="VG" value="{http://eiopa.europa.eu/xbrl/s2c/dict/dom/AM}:x84" axis="x"/>
<dimensionAttributes id="d_DI_x5_y" namespaceURI="http://eiopa.europa.eu/xbrl/s2c/dict/dim" localName="DI" value="{http://eiopa.europa.eu/xbrl/s2c/dict/dom/DI}:x5" axis="y"/>
<dimensionAttributes id="d_VG_x80_y" namespaceURI="http://eiopa.europa.eu/xbrl/s2c/dict/dim" localName="VG" value="{http://eiopa.europa.eu/xbrl/s2c/dict/dom/AM}:x80" axis="y"/>
<dimensionAttributes id="d_VG_x0_y" namespaceURI="http://eiopa.europa.eu/xbrl/s2c/dict/dim" localName="VG" value="{http://eiopa.europa.eu/xbrl/s2c/dict/dom/AM}:x0" axis="y"/>
<dimensionAttributes id="d_VG_x84_y" namespaceURI="http://eiopa.europa.eu/xbrl/s2c/dict/dim" localName="VG" value="{http://eiopa.europa.eu/xbrl/s2c/dict/dom/AM}:x84" axis="y"/>
<dimensionAttributes id="d_YW_y" namespaceURI="http://eiopa.europa.eu/xbrl/s2c/dict/dim" localName="YW" includeUnreportedValue="true" value_nillable="true" axis="y" key-column-type="*artificial key*|&quot;optional&quot;">
<sheetMapLocation sheetNumber="6" row="4" column="3" outsideColumnRepeat="true"/>
</dimensionAttributes>
<dimensionAttributes id="d_YU_y" namespaceURI="http://eiopa.europa.eu/xbrl/s2c/dict/dim" localName="YU" includeUnreportedValue="true" value_nillable="true" axis="y" key-column-type="*artificial key*|&quot;optional&quot;">
<sheetMapLocation sheetNumber="6" row="4" column="2" outsideColumnRepeat="true"/>
</dimensionAttributes>
<dimensionAttributes id="d_YT_y" namespaceURI="http://eiopa.europa.eu/xbrl/s2c/dict/dim" localName="YT" includeUnreportedValue="true" value_nillable="true" axis="y" key-column-type="*artificial key*|&quot;optional&quot;">
<sheetMapLocation sheetNumber="6" row="4" column="1" outsideColumnRepeat="true"/>
</dimensionAttributes>
<dimensionAttributes id="d_YS_y" namespaceURI="http://eiopa.europa.eu/xbrl/s2c/dict/dim" localName="YS" value_nillable="true" axis="y" key-column-type="*artificial key*|&quot;mandatory&quot;">
<sheetMapLocation sheetNumber="6" row="4" column="0" outsideColumnRepeat="true"/>
</dimensionAttributes>
</dimensionAttributesDefinition>
<conceptAttributesDefinition>
<conceptAttributes id="c_filingIndicator_x" value="{http://www.eurofiling.info/xbrl/ext/filing-indicators}:filingIndicator"/>
<conceptAttributes id="c_ii5026_y" value="{http://eiopa.europa.eu/xbrl/s2md/dict/met}:ii5026" axis="y"/>
<conceptAttributes id="c_ii5031_y" value="{http://eiopa.europa.eu/xbrl/s2md/dict/met}:ii5031" axis="y"/>
<conceptAttributes id="c_ii5030_y" value="{http://eiopa.europa.eu/xbrl/s2md/dict/met}:ii5030" axis="y"/>
<conceptAttributes id="c_mi5063_y" value="{http://eiopa.europa.eu/xbrl/s2md/dict/met}:mi5063" axis="y"/>
<conceptAttributes id="c_mi5058_y" value="{http://eiopa.europa.eu/xbrl/s2md/dict/met}:mi5058" axis="y"/>
<conceptAttributes id="c_ei1633_y" value="{http://eiopa.europa.eu/xbrl/s2md/dict/met}:ei1633" axis="y"/>
<conceptAttributes id="c_ei5000_y" value="{http://eiopa.europa.eu/xbrl/s2md/dict/met}:ei5000" axis="y"/>
<conceptAttributes id="c_ei5042_y" value="{http://eiopa.europa.eu/xbrl/s2md/dict/met}:ei5042" axis="y"/>
<conceptAttributes id="c_ei5005_y" value="{http://eiopa.europa.eu/xbrl/s2md/dict/met}:ei5005" axis="y"/>
<conceptAttributes id="c_ei2453_y" value="{http://eiopa.europa.eu/xbrl/s2md/dict/met}:ei2453" axis="y"/>
<conceptAttributes id="c_di1044_y" value="{http://eiopa.europa.eu/xbrl/s2md/dict/met}:di1044" axis="y"/>
<conceptAttributes id="c_di1043_y" value="{http://eiopa.europa.eu/xbrl/s2md/dict/met}:di1043" axis="y"/>
<conceptAttributes id="c_di2502_y" value="{http://eiopa.europa.eu/xbrl/s2md/dict/met}:di2502" axis="y"/>
<conceptAttributes id="c_ei1930_y" value="{http://eiopa.europa.eu/xbrl/s2md/dict/met}:ei1930" axis="y"/>
<conceptAttributes id="c_ei1684_y" value="{http://eiopa.europa.eu/xbrl/s2md/dict/met}:ei1684" axis="y"/>
<conceptAttributes id="c_si5103_y" value="{http://eiopa.europa.eu/xbrl/s2md/dict/met}:si5103" axis="y"/>
<conceptAttributes id="c_si5102_y" value="{http://eiopa.europa.eu/xbrl/s2md/dict/met}:si5102" axis="y"/>
<conceptAttributes id="c_ei5096_y" value="{http://eiopa.europa.eu/xbrl/s2md/dict/met}:ei5096" axis="y"/>
<conceptAttributes id="c_ei5097_y" value="{http://eiopa.europa.eu/xbrl/s2md/dict/met}:ei5097" axis="y"/>
<conceptAttributes id="c_ei5020_y" value="{http://eiopa.europa.eu/xbrl/s2md/dict/met}:ei5020" axis="y"/>
<conceptAttributes id="c_ii5037_y" value="{http://eiopa.europa.eu/xbrl/s2md/dict/met}:ii5037" axis="y"/>
<conceptAttributes id="c_ii5039_y" value="{http://eiopa.europa.eu/xbrl/s2md/dict/met}:ii5039" axis="y"/>
<conceptAttributes id="c_ei6030_y" value="{http://eiopa.europa.eu/xbrl/s2md/dict/met}:ei6030" axis="y"/>
<conceptAttributes id="c_ei6031_y" value="{http://eiopa.europa.eu/xbrl/s2md/dict/met}:ei6031" axis="y"/>
<conceptAttributes id="c_mi265_y" value="{http://eiopa.europa.eu/xbrl/s2md/dict/met}:mi265" axis="y"/>
<conceptAttributes id="c_mi238_y" value="{http://eiopa.europa.eu/xbrl/s2md/dict/met}:mi238" axis="y"/>
<conceptAttributes id="c_mi213_y" value="{http://eiopa.europa.eu/xbrl/s2md/dict/met}:mi213" axis="y"/>
<conceptAttributes id="c_mi1964_y" value="{http://eiopa.europa.eu/xbrl/s2md/dict/met}:mi1964" axis="y"/>
<conceptAttributes id="c_mi5018_y" value="{http://eiopa.europa.eu/xbrl/s2md/dict/met}:mi5018" axis="y"/>
<conceptAttributes id="c_mi6015_y" value="{http://eiopa.europa.eu/xbrl/s2md/dict/met}:mi6015" axis="y"/>
<conceptAttributes id="c_mi201_y" value="{http://eiopa.europa.eu/xbrl/s2md/dict/met}:mi201" axis="y"/>
<conceptAttributes id="c_mi346_y" value="{http://eiopa.europa.eu/xbrl/s2md/dict/met}:mi346" axis="y"/>
<conceptAttributes id="c_si2512_x" value="{http://eiopa.europa.eu/xbrl/s2md/dict/met}:si2512" axis="x"/>
<conceptAttributes id="c_mi2507_x" value="{http://eiopa.europa.eu/xbrl/s2md/dict/met}:mi2507" axis="x"/>
<conceptAttributes id="c_si2508_x" value="{http://eiopa.europa.eu/xbrl/s2md/dict/met}:si2508" axis="x"/>
<conceptAttributes id="c_di2509_x" value="{http://eiopa.europa.eu/xbrl/s2md/dict/met}:di2509" axis="x"/>
<conceptAttributes id="c_ii2510_x" value="{http://eiopa.europa.eu/xbrl/s2md/dict/met}:ii2510" axis="x"/>
<conceptAttributes id="c_ri2511_x" value="{http://eiopa.europa.eu/xbrl/s2md/dict/met}:ri2511" axis="x"/>
<conceptAttributes id="c_pi1550_x" value="{http://eiopa.europa.eu/xbrl/s2md/dict/met}:pi1550" axis="x"/>
<conceptAttributes id="c_bi7_x" value="{http://eiopa.europa.eu/xbrl/s2md/dict/met}:bi7" axis="x"/>
</conceptAttributesDefinition>
<otherAttributesDefinition>
<otherAttribute id="o0_13_3" converter="conv1_13_3_2" namespaceURI="http://www.eurofiling.info/xbrl/ext/filing-indicators" localName="filed">
<sheetMapLocation sheetNumber="0" row="13" column="3"/>
</otherAttribute>
<otherAttribute id="o0_14_3" converter="conv2_14_3_2" namespaceURI="http://www.eurofiling.info/xbrl/ext/filing-indicators" localName="filed">
<sheetMapLocation sheetNumber="0" row="14" column="3"/>
</otherAttribute>
<otherAttribute id="o0_15_3" converter="conv3_15_3_2" namespaceURI="http://www.eurofiling.info/xbrl/ext/filing-indicators" localName="filed">
<sheetMapLocation sheetNumber="0" row="15" column="3"/>
</otherAttribute>
<otherAttribute id="o0_16_3" converter="conv4_16_3_2" namespaceURI="http://www.eurofiling.info/xbrl/ext/filing-indicators" localName="filed">
<sheetMapLocation sheetNumber="0" row="16" column="3"/>
</otherAttribute>
<otherAttribute id="o0_17_3" converter="conv5_17_3_2" namespaceURI="http://www.eurofiling.info/xbrl/ext/filing-indicators" localName="filed">
<sheetMapLocation sheetNumber="0" row="17" column="3"/>
</otherAttribute>
<otherAttribute id="o0_18_3" converter="conv6_18_3_2" namespaceURI="http://www.eurofiling.info/xbrl/ext/filing-indicators" localName="filed">
<sheetMapLocation sheetNumber="0" row="18" column="3"/>
</otherAttribute>
</otherAttributesDefinition>
<unitAttributesDefinition/>
</xbrlInformation>
<converterDefinition>
<valueMapConverter id="conv1_13_3">
<valueMap in="negative" out="PF.50.01"/>
<valueMap in="positive" out="PF.50.01"/>
</valueMapConverter>
<valueMapConverter id="conv1_13_3_2">
<valueMap in="negative" out="false"/>
<valueMap in="positive" out="true"/>
</valueMapConverter>
<multiplyConverter scaleFactor="1" ratio="1" id="conv1_5_3"/>
<valueMapConverter id="conv2_14_3">
<valueMap in="negative" out="PF.51.01"/>
<valueMap in="positive" out="PF.51.01"/>
</valueMapConverter>
<valueMapConverter id="conv2_14_3_2">
<valueMap in="negative" out="false"/>
<valueMap in="positive" out="true"/>
</valueMapConverter>
<valueMapConverter id="conv3_15_3">
<valueMap in="negative" out="PFE.01.01"/>
<valueMap in="positive" out="PFE.01.01"/>
</valueMapConverter>
<valueMapConverter id="conv3_15_3_2">
<valueMap in="negative" out="false"/>
<valueMap in="positive" out="true"/>
</valueMapConverter>
<valueMapConverter id="conv4_16_3">
<valueMap in="negative" out="PFE.01.02"/>
<valueMap in="positive" out="PFE.01.02"/>
</valueMapConverter>
<valueMapConverter id="conv4_16_3_2">
<valueMap in="negative" out="false"/>
<valueMap in="positive" out="true"/>
</valueMapConverter>
<valueMapConverter id="conv5_17_3">
<valueMap in="negative" out="PFE.02.01"/>
<valueMap in="positive" out="PFE.02.01"/>
</valueMapConverter>
<valueMapConverter id="conv5_17_3_2">
<valueMap in="negative" out="false"/>
<valueMap in="positive" out="true"/>
</valueMapConverter>
<valueMapConverter id="conv6_18_3">
<valueMap in="negative" out="PT.99.01"/>
<valueMap in="positive" out="PT.99.01"/>
</valueMapConverter>
<valueMapConverter id="conv6_18_3_2">
<valueMap in="negative" out="false"/>
<valueMap in="positive" out="true"/>
</valueMapConverter>
</converterDefinition>
<mappingDefinition>
<repeatMapping>
<sheetRepeatMappingInformation sheetNumber="0" row="13" column="3" rowSize="6" columnSize="1" defaultMaxRepeatCount="1" allowExtension="false" ignoreEmptyData="true" repeatDirection="row"/>
<tupleMappingInformation namespaceURI="http://www.eurofiling.info/xbrl/ext/filing-indicators" name="fIndicators"/>
<mapping converter="conv1_13_3">
<sheetMapLocation sheetNumber="0" row="13" column="3"/>
<aspectLocation duplicateFactAllowed="true">
<concept ref="c_filingIndicator_x"/>
<otherAttr ref="o0_13_3"/>
</aspectLocation>
</mapping>
<mapping converter="conv2_14_3">
<sheetMapLocation sheetNumber="0" row="14" column="3"/>
<aspectLocation duplicateFactAllowed="true">
<concept ref="c_filingIndicator_x"/>
<otherAttr ref="o0_14_3"/>
</aspectLocation>
</mapping>
<mapping converter="conv3_15_3">
<sheetMapLocation sheetNumber="0" row="15" column="3"/>
<aspectLocation duplicateFactAllowed="true">
<concept ref="c_filingIndicator_x"/>
<otherAttr ref="o0_15_3"/>
</aspectLocation>
</mapping>
<mapping converter="conv4_16_3">
<sheetMapLocation sheetNumber="0" row="16" column="3"/>
<aspectLocation duplicateFactAllowed="true">
<concept ref="c_filingIndicator_x"/>
<otherAttr ref="o0_16_3"/>
</aspectLocation>
</mapping>
<mapping converter="conv5_17_3">
<sheetMapLocation sheetNumber="0" row="17" column="3"/>
<aspectLocation duplicateFactAllowed="true">
<concept ref="c_filingIndicator_x"/>
<otherAttr ref="o0_17_3"/>
</aspectLocation>
</mapping>
<mapping converter="conv6_18_3">
<sheetMapLocation sheetNumber="0" row="18" column="3"/>
<aspectLocation duplicateFactAllowed="true">
<concept ref="c_filingIndicator_x"/>
<otherAttr ref="o0_18_3"/>
</aspectLocation>
</mapping>
</repeatMapping>
<mapping converter="conv1_5_3">
<sheetMapLocation sheetNumber="1" row="5" column="3"/>
<aspectLocation factAttributes="attr1_5_3">
<specialValueMappingMode value="" mode="ignore"/>
<concept ref="c_ii5026_y"/>
<dimension ref="d_BL_x5029_x"/>
</aspectLocation>
</mapping>
<mapping converter="conv1_5_3">
<sheetMapLocation sheetNumber="1" row="5" column="4"/>
<aspectLocation factAttributes="attr1_5_3">
<specialValueMappingMode value="" mode="ignore"/>
<concept ref="c_ii5026_y"/>
<dimension ref="d_BL_x5030_x"/>
</aspectLocation>
</mapping>
<mapping converter="conv1_5_3">
<sheetMapLocation sheetNumber="1" row="5" column="5"/>
<aspectLocation factAttributes="attr1_5_3">
<specialValueMappingMode value="" mode="ignore"/>
<concept ref="c_ii5026_y"/>
</aspectLocation>
</mapping>
<mapping converter="conv1_5_3">
<sheetMapLocation sheetNumber="1" row="6" column="3"/>
<aspectLocation factAttributes="attr1_5_3">
<specialValueMappingMode value="" mode="ignore"/>
<concept ref="c_ii5031_y"/>
<dimension ref="d_BL_x5029_x"/>
</aspectLocation>
</mapping>
<mapping converter="conv1_5_3">
<sheetMapLocation sheetNumber="1" row="6" column="4"/>
<aspectLocation factAttributes="attr1_5_3">
<specialValueMappingMode value="" mode="ignore"/>
<concept ref="c_ii5031_y"/>
<dimension ref="d_BL_x5030_x"/>
</aspectLocation>
</mapping>
<mapping converter="conv1_5_3">
<sheetMapLocation sheetNumber="1" row="6" column="5"/>
<aspectLocation factAttributes="attr1_5_3">
<specialValueMappingMode value="" mode="ignore"/>
<concept ref="c_ii5031_y"/>
</aspectLocation>
</mapping>
<mapping converter="conv1_5_3">
<sheetMapLocation sheetNumber="1" row="7" column="3"/>
<aspectLocation factAttributes="attr1_5_3">
<specialValueMappingMode value="" mode="ignore"/>
<concept ref="c_ii5030_y"/>
<dimension ref="d_BL_x5029_x"/>
</aspectLocation>
</mapping>
<mapping converter="conv1_5_3">
<sheetMapLocation sheetNumber="1" row="7" column="4"/>
<aspectLocation factAttributes="attr1_5_3">
<specialValueMappingMode value="" mode="ignore"/>
<concept ref="c_ii5030_y"/>
<dimension ref="d_BL_x5030_x"/>
</aspectLocation>
</mapping>
<mapping converter="conv1_5_3">
<sheetMapLocation sheetNumber="1" row="7" column="5"/>
<aspectLocation factAttributes="attr1_5_3">
<specialValueMappingMode value="" mode="ignore"/>
<concept ref="c_ii5030_y"/>
</aspectLocation>
</mapping>
<mapping converter="conv1_5_3">
<sheetMapLocation sheetNumber="2" row="5" column="3"/>
<aspectLocation factAttributes="attr2_5_3">
<specialValueMappingMode value="" mode="ignore"/>
<concept ref="c_mi5063_y"/>
<dimension ref="d_BL_x5029_x d_VG_x84_x d_DI_x5_y"/>
</aspectLocation>
</mapping>
<mapping converter="conv1_5_3">
<sheetMapLocation sheetNumber="2" row="5" column="4"/>
<aspectLocation factAttributes="attr2_5_3">
<specialValueMappingMode value="" mode="ignore"/>
<concept ref="c_mi5063_y"/>
<dimension ref="d_BL_x5030_x d_VG_x84_x d_DI_x5_y"/>
</aspectLocation>
</mapping>
<mapping converter="conv1_5_3">
<sheetMapLocation sheetNumber="2" row="5" column="5"/>
<aspectLocation factAttributes="attr2_5_3">
<specialValueMappingMode value="" mode="ignore"/>
<concept ref="c_mi5063_y"/>
<dimension ref="d_VG_x84_x d_DI_x5_y"/>
</aspectLocation>
</mapping>
<mapping converter="conv1_5_3">
<sheetMapLocation sheetNumber="2" row="7" column="3"/>
<aspectLocation factAttributes="attr2_5_3">
<specialValueMappingMode value="" mode="ignore"/>
<concept ref="c_mi5058_y"/>
<dimension ref="d_BL_x5029_x d_VG_x84_x d_DI_x5_y"/>
</aspectLocation>
</mapping>
<mapping converter="conv1_5_3">
<sheetMapLocation sheetNumber="2" row="7" column="4"/>
<aspectLocation factAttributes="attr2_5_3">
<specialValueMappingMode value="" mode="ignore"/>
<concept ref="c_mi5058_y"/>
<dimension ref="d_BL_x5030_x d_VG_x84_x d_DI_x5_y"/>
</aspectLocation>
</mapping>
<mapping converter="conv1_5_3">
<sheetMapLocation sheetNumber="2" row="7" column="5"/>
<aspectLocation factAttributes="attr2_5_3">
<specialValueMappingMode value="" mode="ignore"/>
<concept ref="c_mi5058_y"/>
<dimension ref="d_VG_x84_x d_DI_x5_y"/>
</aspectLocation>
</mapping>
<mapping>
<sheetMapLocation sheetNumber="3" row="5" column="3"/>
<aspectLocation factAttributes="attr3_5_3">
<specialValueMappingMode value="" mode="ignore"/>
<concept ref="c_ei1633_y"/>
</aspectLocation>
</mapping>
<mapping>
<sheetMapLocation sheetNumber="3" row="6" column="3"/>
<aspectLocation factAttributes="attr3_5_3">
<specialValueMappingMode value="" mode="ignore"/>
<concept ref="c_ei5000_y"/>
</aspectLocation>
</mapping>
<mapping>
<sheetMapLocation sheetNumber="3" row="7" column="3"/>
<aspectLocation factAttributes="attr3_5_3">
<specialValueMappingMode value="" mode="ignore"/>
<concept ref="c_ei5042_y"/>
</aspectLocation>
</mapping>
<mapping>
<sheetMapLocation sheetNumber="3" row="8" column="3"/>
<aspectLocation factAttributes="attr3_5_3">
<specialValueMappingMode value="" mode="ignore"/>
<concept ref="c_ei5005_y"/>
</aspectLocation>
</mapping>
<mapping>
<sheetMapLocation sheetNumber="4" row="4" column="3"/>
<aspectLocation factAttributes="attr3_5_3">
<specialValueMappingMode value="" mode="ignore"/>
<concept ref="c_ei2453_y"/>
</aspectLocation>
</mapping>
<mapping>
<sheetMapLocation sheetNumber="4" row="5" column="3"/>
<aspectLocation factAttributes="attr3_5_3">
<specialValueMappingMode value="" mode="ignore"/>
<concept ref="c_di1044_y"/>
</aspectLocation>
</mapping>
<mapping>
<sheetMapLocation sheetNumber="4" row="6" column="3"/>
<aspectLocation factAttributes="attr3_5_3">
<specialValueMappingMode value="" mode="ignore"/>
<concept ref="c_di1043_y"/>
</aspectLocation>
</mapping>
<mapping>
<sheetMapLocation sheetNumber="4" row="7" column="3"/>
<aspectLocation factAttributes="attr3_5_3">
<specialValueMappingMode value="" mode="ignore"/>
<concept ref="c_di2502_y"/>
</aspectLocation>
</mapping>
<mapping>
<sheetMapLocation sheetNumber="4" row="8" column="3"/>
<aspectLocation factAttributes="attr3_5_3">
<specialValueMappingMode value="" mode="ignore"/>
<concept ref="c_ei1930_y"/>
</aspectLocation>
</mapping>
<mapping>
<sheetMapLocation sheetNumber="4" row="9" column="3"/>
<aspectLocation factAttributes="attr3_5_3">
<specialValueMappingMode value="" mode="ignore"/>
<concept ref="c_ei1684_y"/>
</aspectLocation>
</mapping>
<mapping>
<sheetMapLocation sheetNumber="4" row="10" column="3"/>
<aspectLocation factAttributes="attr3_5_3">
<specialValueMappingMode value="" mode="ignore"/>
<concept ref="c_si5103_y"/>
</aspectLocation>
</mapping>
<mapping>
<sheetMapLocation sheetNumber="4" row="11" column="3"/>
<aspectLocation factAttributes="attr3_5_3">
<specialValueMappingMode value="" mode="ignore"/>
<concept ref="c_si5102_y"/>
</aspectLocation>
</mapping>
<mapping>
<sheetMapLocation sheetNumber="4" row="12" column="3"/>
<aspectLocation factAttributes="attr3_5_3">
<specialValueMappingMode value="" mode="ignore"/>
<concept ref="c_ei5096_y"/>
</aspectLocation>
</mapping>
<mapping>
<sheetMapLocation sheetNumber="4" row="13" column="3"/>
<aspectLocation factAttributes="attr3_5_3">
<specialValueMappingMode value="" mode="ignore"/>
<concept ref="c_ei5097_y"/>
</aspectLocation>
</mapping>
<mapping>
<sheetMapLocation sheetNumber="4" row="14" column="3"/>
<aspectLocation factAttributes="attr3_5_3">
<specialValueMappingMode value="" mode="ignore"/>
<concept ref="c_ei5020_y"/>
</aspectLocation>
</mapping>
<mapping converter="conv1_5_3">
<sheetMapLocation sheetNumber="4" row="15" column="3"/>
<aspectLocation factAttributes="attr1_5_3">
<specialValueMappingMode value="" mode="ignore"/>
<concept ref="c_ii5037_y"/>
</aspectLocation>
</mapping>
<mapping converter="conv1_5_3">
<sheetMapLocation sheetNumber="4" row="16" column="3"/>
<aspectLocation factAttributes="attr1_5_3">
<specialValueMappingMode value="" mode="ignore"/>
<concept ref="c_ii5039_y"/>
</aspectLocation>
</mapping>
<mapping>
<sheetMapLocation sheetNumber="4" row="18" column="3"/>
<aspectLocation factAttributes="attr3_5_3">
<specialValueMappingMode value="" mode="ignore"/>
<concept ref="c_ei6030_y"/>
</aspectLocation>
</mapping>
<mapping>
<sheetMapLocation sheetNumber="4" row="19" column="3"/>
<aspectLocation factAttributes="attr3_5_3">
<specialValueMappingMode value="" mode="ignore"/>
<concept ref="c_ei6031_y"/>
</aspectLocation>
</mapping>
<mapping converter="conv1_5_3">
<sheetMapLocation sheetNumber="5" row="5" column="4"/>
<aspectLocation factAttributes="attr2_5_3">
<specialValueMappingMode value="" mode="ignore"/>
<concept ref="c_mi265_y"/>
<dimension ref="d_BL_x5029_x d_VG_x80_y"/>
</aspectLocation>
</mapping>
<mapping converter="conv1_5_3">
<sheetMapLocation sheetNumber="5" row="5" column="5"/>
<aspectLocation factAttributes="attr2_5_3">
<specialValueMappingMode value="" mode="ignore"/>
<concept ref="c_mi265_y"/>
<dimension ref="d_BL_x5030_x d_VG_x80_y"/>
</aspectLocation>
</mapping>
<mapping converter="conv1_5_3">
<sheetMapLocation sheetNumber="5" row="5" column="6"/>
<aspectLocation factAttributes="attr2_5_3">
<specialValueMappingMode value="" mode="ignore"/>
<concept ref="c_mi265_y"/>
<dimension ref="d_VG_x80_y"/>
</aspectLocation>
</mapping>
<mapping converter="conv1_5_3">
<sheetMapLocation sheetNumber="5" row="6" column="4"/>
<aspectLocation factAttributes="attr2_5_3">
<specialValueMappingMode value="" mode="ignore"/>
<concept ref="c_mi238_y"/>
<dimension ref="d_BL_x5029_x d_VG_x80_y"/>
</aspectLocation>
</mapping>
<mapping converter="conv1_5_3">
<sheetMapLocation sheetNumber="5" row="6" column="5"/>
<aspectLocation factAttributes="attr2_5_3">
<specialValueMappingMode value="" mode="ignore"/>
<concept ref="c_mi238_y"/>
<dimension ref="d_BL_x5030_x d_VG_x80_y"/>
</aspectLocation>
</mapping>
<mapping converter="conv1_5_3">
<sheetMapLocation sheetNumber="5" row="6" column="6"/>
<aspectLocation factAttributes="attr2_5_3">
<specialValueMappingMode value="" mode="ignore"/>
<concept ref="c_mi238_y"/>
<dimension ref="d_VG_x80_y"/>
</aspectLocation>
</mapping>
<mapping converter="conv1_5_3">
<sheetMapLocation sheetNumber="5" row="7" column="4"/>
<aspectLocation factAttributes="attr2_5_3">
<specialValueMappingMode value="" mode="ignore"/>
<concept ref="c_mi213_y"/>
<dimension ref="d_BL_x5029_x d_VG_x80_y"/>
</aspectLocation>
</mapping>
<mapping converter="conv1_5_3">
<sheetMapLocation sheetNumber="5" row="7" column="5"/>
<aspectLocation factAttributes="attr2_5_3">
<specialValueMappingMode value="" mode="ignore"/>
<concept ref="c_mi213_y"/>
<dimension ref="d_BL_x5030_x d_VG_x80_y"/>
</aspectLocation>
</mapping>
<mapping converter="conv1_5_3">
<sheetMapLocation sheetNumber="5" row="7" column="6"/>
<aspectLocation factAttributes="attr2_5_3">
<specialValueMappingMode value="" mode="ignore"/>
<concept ref="c_mi213_y"/>
<dimension ref="d_VG_x80_y"/>
</aspectLocation>
</mapping>
<mapping converter="conv1_5_3">
<sheetMapLocation sheetNumber="5" row="8" column="4"/>
<aspectLocation factAttributes="attr2_5_3">
<specialValueMappingMode value="" mode="ignore"/>
<concept ref="c_mi1964_y"/>
<dimension ref="d_BL_x5029_x d_VG_x80_y"/>
</aspectLocation>
</mapping>
<mapping converter="conv1_5_3">
<sheetMapLocation sheetNumber="5" row="8" column="5"/>
<aspectLocation factAttributes="attr2_5_3">
<specialValueMappingMode value="" mode="ignore"/>
<concept ref="c_mi1964_y"/>
<dimension ref="d_BL_x5030_x d_VG_x80_y"/>
</aspectLocation>
</mapping>
<mapping converter="conv1_5_3">
<sheetMapLocation sheetNumber="5" row="8" column="6"/>
<aspectLocation factAttributes="attr2_5_3">
<specialValueMappingMode value="" mode="ignore"/>
<concept ref="c_mi1964_y"/>
<dimension ref="d_VG_x80_y"/>
</aspectLocation>
</mapping>
<mapping converter="conv1_5_3">
<sheetMapLocation sheetNumber="5" row="9" column="4"/>
<aspectLocation factAttributes="attr2_5_3">
<specialValueMappingMode value="" mode="ignore"/>
<concept ref="c_mi5018_y"/>
<dimension ref="d_BL_x5029_x d_VG_x80_y"/>
</aspectLocation>
</mapping>
<mapping converter="conv1_5_3">
<sheetMapLocation sheetNumber="5" row="9" column="5"/>
<aspectLocation factAttributes="attr2_5_3">
<specialValueMappingMode value="" mode="ignore"/>
<concept ref="c_mi5018_y"/>
<dimension ref="d_BL_x5030_x d_VG_x80_y"/>
</aspectLocation>
</mapping>
<mapping converter="conv1_5_3">
<sheetMapLocation sheetNumber="5" row="9" column="6"/>
<aspectLocation factAttributes="attr2_5_3">
<specialValueMappingMode value="" mode="ignore"/>
<concept ref="c_mi5018_y"/>
<dimension ref="d_VG_x80_y"/>
</aspectLocation>
</mapping>
<mapping converter="conv1_5_3">
<sheetMapLocation sheetNumber="5" row="10" column="6"/>
<aspectLocation factAttributes="attr2_5_3">
<specialValueMappingMode value="" mode="ignore"/>
<concept ref="c_mi6015_y"/>
<dimension ref="d_VG_x0_y"/>
</aspectLocation>
</mapping>
<mapping converter="conv1_5_3">
<sheetMapLocation sheetNumber="5" row="11" column="4"/>
<aspectLocation factAttributes="attr2_5_3">
<specialValueMappingMode value="" mode="ignore"/>
<concept ref="c_mi201_y"/>
<dimension ref="d_BL_x5029_x d_VG_x80_y"/>
</aspectLocation>
</mapping>
<mapping converter="conv1_5_3">
<sheetMapLocation sheetNumber="5" row="11" column="5"/>
<aspectLocation factAttributes="attr2_5_3">
<specialValueMappingMode value="" mode="ignore"/>
<concept ref="c_mi201_y"/>
<dimension ref="d_BL_x5030_x d_VG_x80_y"/>
</aspectLocation>
</mapping>
<mapping converter="conv1_5_3">
<sheetMapLocation sheetNumber="5" row="11" column="6"/>
<aspectLocation factAttributes="attr2_5_3">
<specialValueMappingMode value="" mode="ignore"/>
<concept ref="c_mi201_y"/>
<dimension ref="d_VG_x80_y"/>
</aspectLocation>
</mapping>
<mapping converter="conv1_5_3">
<sheetMapLocation sheetNumber="5" row="13" column="4"/>
<aspectLocation factAttributes="attr2_5_3">
<specialValueMappingMode value="" mode="ignore"/>
<concept ref="c_mi346_y"/>
<dimension ref="d_BL_x5029_x d_VG_x84_y"/>
</aspectLocation>
</mapping>
<mapping converter="conv1_5_3">
<sheetMapLocation sheetNumber="5" row="13" column="5"/>
<aspectLocation factAttributes="attr2_5_3">
<specialValueMappingMode value="" mode="ignore"/>
<concept ref="c_mi346_y"/>
<dimension ref="d_BL_x5030_x d_VG_x84_y"/>
</aspectLocation>
</mapping>
<mapping converter="conv1_5_3">
<sheetMapLocation sheetNumber="5" row="13" column="6"/>
<aspectLocation factAttributes="attr2_5_3">
<specialValueMappingMode value="" mode="ignore"/>
<concept ref="c_mi346_y"/>
<dimension ref="d_VG_x84_y"/>
</aspectLocation>
</mapping>
<repeatMapping>
<sheetRepeatMappingInformation sheetNumber="6" row="4" column="0" rowSize="1" columnSize="12" defaultMaxRepeatCount="1" allowExtension="true" ignoreEmptyData="true" repeatDirection="row">
<cellValueRepeatStopper value="" columnOffset="0" rowOffset="0"/>
</sheetRepeatMappingInformation>
<repeatMappingInformation/>
<mapping>
<sheetMapLocation sheetNumber="6" row="4" column="4"/>
<aspectLocation factAttributes="attr3_5_3">
<specialValueMappingMode value="" mode="ignore"/>
<concept ref="c_si2512_x"/>
<dimension ref="d_YW_y d_YU_y d_YT_y d_YS_y"/>
</aspectLocation>
</mapping>
<mapping converter="conv1_5_3">
<sheetMapLocation sheetNumber="6" row="4" column="5"/>
<aspectLocation factAttributes="attr2_5_3">
<specialValueMappingMode value="" mode="ignore"/>
<concept ref="c_mi2507_x"/>
<dimension ref="d_YW_y d_YU_y d_YT_y d_YS_y"/>
</aspectLocation>
</mapping>
<mapping>
<sheetMapLocation sheetNumber="6" row="4" column="6"/>
<aspectLocation factAttributes="attr3_5_3">
<specialValueMappingMode value="" mode="ignore"/>
<concept ref="c_si2508_x"/>
<dimension ref="d_YW_y d_YU_y d_YT_y d_YS_y"/>
</aspectLocation>
</mapping>
<mapping>
<sheetMapLocation sheetNumber="6" row="4" column="7"/>
<aspectLocation factAttributes="attr3_5_3">
<specialValueMappingMode value="" mode="ignore"/>
<concept ref="c_di2509_x"/>
<dimension ref="d_YW_y d_YU_y d_YT_y d_YS_y"/>
</aspectLocation>
</mapping>
<mapping converter="conv1_5_3">
<sheetMapLocation sheetNumber="6" row="4" column="8"/>
<aspectLocation factAttributes="attr1_5_3">
<specialValueMappingMode value="" mode="ignore"/>
<concept ref="c_ii2510_x"/>
<dimension ref="d_YW_y d_YU_y d_YT_y d_YS_y"/>
</aspectLocation>
</mapping>
<mapping converter="conv1_5_3">
<sheetMapLocation sheetNumber="6" row="4" column="9"/>
<aspectLocation factAttributes="attr1_5_3">
<specialValueMappingMode value="" mode="ignore"/>
<concept ref="c_ri2511_x"/>
<dimension ref="d_YW_y d_YU_y d_YT_y d_YS_y"/>
</aspectLocation>
</mapping>
<mapping converter="conv1_5_3">
<sheetMapLocation sheetNumber="6" row="4" column="10"/>
<aspectLocation factAttributes="attr6_4_10">
<specialValueMappingMode value="" mode="ignore"/>
<concept ref="c_pi1550_x"/>
<dimension ref="d_YW_y d_YU_y d_YT_y d_YS_y"/>
</aspectLocation>
</mapping>
<mapping>
<sheetMapLocation sheetNumber="6" row="4" column="11"/>
<aspectLocation factAttributes="attr3_5_3">
<specialValueMappingMode value="" mode="ignore"/>
<concept ref="c_bi7_x"/>
<dimension ref="d_YW_y d_YU_y d_YT_y d_YS_y"/>
</aspectLocation>
</mapping>
</repeatMapping>
</mappingDefinition>
</mappingRoot>
