<?xml version="1.0"?>
<!--Generated by Interstage XWand Mapping Generator B0025 October 12, 2018 -->
<!--Generated at 2019/04/25 09:21:39-->
<mappingRoot from="sheet" to="xbrl">
<sheetInformation/>
<xbrlInformation>
<aspectLocation>
<periodStart>
<sheetMapLocation sheetNumber="0" row="4" column="1"/>
</periodStart>
<periodEnd>
<sheetMapLocation sheetNumber="0" row="5" column="1"/>
</periodEnd>
<identifier>
<sheetMapLocation sheetNumber="0" row="6" column="1"/>
</identifier>
<scheme>
<sheetMapLocation sheetNumber="0" row="7" column="1"/>
</scheme>
<currency>
<sheetMapLocation sheetNumber="0" row="8" column="1"/>
</currency>
<language>
<sheetMapLocation sheetNumber="0" row="9" column="1"/>
</language>
</aspectLocation>
<contextFilterDefinition/>
<factAttributesDefinition>
<factAttributes unitMode="auto" precisionDecimalsMode="auto" id="attr1_5_3"/>
<factAttributes precisionDecimalsMode="eiopaRuleB" id="attr3_4_1"/>
<factAttributes unitContent="{http://www.xbrl.org/2003/instance}:pure" precisionDecimalsValue="0" unitMode="content" precisionDecimalsMode="fixedDecimals" id="attr4_4_2"/>
<factAttributes unitContent="{http://www.xbrl.org/2003/instance}:pure" precisionDecimalsValue="4" unitMode="content" precisionDecimalsMode="fixedDecimals" id="attr5_4_2"/>
</factAttributesDefinition>
<dimensionAttributesDefinition>
<dimensionAttributes id="d_HX_y" namespaceURI="http://eiopa.europa.eu/xbrl/s2c/dict/dim" localName="HX" value_nillable="true" axis="y" key-column-type="*natural key*|&quot;mandatory&quot;">
<sheetMapLocation sheetNumber="3" row="4" column="0" outsideColumnRepeat="true"/>
</dimensionAttributes>
<dimensionAttributes id="d_BL_x65_y" namespaceURI="http://eiopa.europa.eu/xbrl/s2c/dict/dim" localName="BL" value="{http://eiopa.europa.eu/xbrl/s2c/dict/dom/LB}:x65" axis="y"/>
<dimensionAttributes id="d_BL_x79_y" namespaceURI="http://eiopa.europa.eu/xbrl/s2c/dict/dim" localName="BL" value="{http://eiopa.europa.eu/xbrl/s2c/dict/dom/LB}:x79" axis="y"/>
</dimensionAttributesDefinition>
<conceptAttributesDefinition>
<conceptAttributes id="c_filingIndicator_x" value="{http://www.eurofiling.info/xbrl/ext/filing-indicators}:filingIndicator"/>
<conceptAttributes id="c_ei1633_y" value="{http://eiopa.europa.eu/xbrl/s2md/dict/met}:ei1633" axis="y"/>
<conceptAttributes id="c_ei1720_y" value="{http://eiopa.europa.eu/xbrl/s2md/dict/met}:ei1720" axis="y"/>
<conceptAttributes id="c_ei2172_y" value="{http://eiopa.europa.eu/xbrl/s2md/dict/met}:ei2172" axis="y"/>
<conceptAttributes id="c_ei2173_y" value="{http://eiopa.europa.eu/xbrl/s2md/dict/met}:ei2173" axis="y"/>
<conceptAttributes id="c_si1504_y" value="{http://eiopa.europa.eu/xbrl/s2md/dict/met}:si1504" axis="y"/>
<conceptAttributes id="c_si1899_y" value="{http://eiopa.europa.eu/xbrl/s2md/dict/met}:si1899" axis="y"/>
<conceptAttributes id="c_ei2454_y" value="{http://eiopa.europa.eu/xbrl/s2md/dict/met}:ei2454" axis="y"/>
<conceptAttributes id="c_ei1685_y" value="{http://eiopa.europa.eu/xbrl/s2md/dict/met}:ei1685" axis="y"/>
<conceptAttributes id="c_ei1683_y" value="{http://eiopa.europa.eu/xbrl/s2md/dict/met}:ei1683" axis="y"/>
<conceptAttributes id="c_di1044_y" value="{http://eiopa.europa.eu/xbrl/s2md/dict/met}:di1044" axis="y"/>
<conceptAttributes id="c_di1043_y" value="{http://eiopa.europa.eu/xbrl/s2md/dict/met}:di1043" axis="y"/>
<conceptAttributes id="c_ei1677_y" value="{http://eiopa.europa.eu/xbrl/s2md/dict/met}:ei1677" axis="y"/>
<conceptAttributes id="c_ei1930_y" value="{http://eiopa.europa.eu/xbrl/s2md/dict/met}:ei1930" axis="y"/>
<conceptAttributes id="c_ei1687_y" value="{http://eiopa.europa.eu/xbrl/s2md/dict/met}:ei1687" axis="y"/>
<conceptAttributes id="c_ei1676_y" value="{http://eiopa.europa.eu/xbrl/s2md/dict/met}:ei1676" axis="y"/>
<conceptAttributes id="c_ei1688_y" value="{http://eiopa.europa.eu/xbrl/s2md/dict/met}:ei1688" axis="y"/>
<conceptAttributes id="c_ei1931_y" value="{http://eiopa.europa.eu/xbrl/s2md/dict/met}:ei1931" axis="y"/>
<conceptAttributes id="c_ei1689_y" value="{http://eiopa.europa.eu/xbrl/s2md/dict/met}:ei1689" axis="y"/>
<conceptAttributes id="c_ei1679_y" value="{http://eiopa.europa.eu/xbrl/s2md/dict/met}:ei1679" axis="y"/>
<conceptAttributes id="c_ei1680_y" value="{http://eiopa.europa.eu/xbrl/s2md/dict/met}:ei1680" axis="y"/>
<conceptAttributes id="c_ei1681_y" value="{http://eiopa.europa.eu/xbrl/s2md/dict/met}:ei1681" axis="y"/>
<conceptAttributes id="c_ei1682_y" value="{http://eiopa.europa.eu/xbrl/s2md/dict/met}:ei1682" axis="y"/>
<conceptAttributes id="c_ei1684_y" value="{http://eiopa.europa.eu/xbrl/s2md/dict/met}:ei1684" axis="y"/>
<conceptAttributes id="c_mi1147_x" value="{http://eiopa.europa.eu/xbrl/s2md/dict/met}:mi1147" axis="x"/>
<conceptAttributes id="c_si1346_x" value="{http://eiopa.europa.eu/xbrl/s2md/dict/met}:si1346" axis="x"/>
<conceptAttributes id="c_ri2440_y" value="{http://eiopa.europa.eu/xbrl/s2md/dict/met}:ri2440" axis="y"/>
<conceptAttributes id="c_pi2176_y" value="{http://eiopa.europa.eu/xbrl/s2md/dict/met}:pi2176" axis="y"/>
</conceptAttributesDefinition>
<otherAttributesDefinition>
<otherAttribute id="o0_13_3" converter="conv1_13_3_2" namespaceURI="http://www.eurofiling.info/xbrl/ext/filing-indicators" localName="filed">
<sheetMapLocation sheetNumber="0" row="13" column="3"/>
</otherAttribute>
<otherAttribute id="o0_14_3" converter="conv2_14_3_2" namespaceURI="http://www.eurofiling.info/xbrl/ext/filing-indicators" localName="filed">
<sheetMapLocation sheetNumber="0" row="14" column="3"/>
</otherAttribute>
<otherAttribute id="o0_15_3" converter="conv3_15_3_2" namespaceURI="http://www.eurofiling.info/xbrl/ext/filing-indicators" localName="filed">
<sheetMapLocation sheetNumber="0" row="15" column="3"/>
</otherAttribute>
<otherAttribute id="o0_16_3" converter="conv4_16_3_2" namespaceURI="http://www.eurofiling.info/xbrl/ext/filing-indicators" localName="filed">
<sheetMapLocation sheetNumber="0" row="16" column="3"/>
</otherAttribute>
<otherAttribute id="o0_17_3" converter="conv5_17_3_2" namespaceURI="http://www.eurofiling.info/xbrl/ext/filing-indicators" localName="filed">
<sheetMapLocation sheetNumber="0" row="17" column="3"/>
</otherAttribute>
</otherAttributesDefinition>
<unitAttributesDefinition/>
</xbrlInformation>
<converterDefinition>
<valueMapConverter id="conv1_13_3">
<valueMap in="negative" out="S.01.01"/>
<valueMap in="positive" out="S.01.01"/>
</valueMapConverter>
<valueMapConverter id="conv1_13_3_2">
<valueMap in="negative" out="false"/>
<valueMap in="positive" out="true"/>
</valueMapConverter>
<valueMapConverter id="conv2_14_3">
<valueMap in="negative" out="S.01.02"/>
<valueMap in="positive" out="S.01.02"/>
</valueMapConverter>
<valueMapConverter id="conv2_14_3_2">
<valueMap in="negative" out="false"/>
<valueMap in="positive" out="true"/>
</valueMapConverter>
<valueMapConverter id="conv3_15_3">
<valueMap in="negative" out="S.14.01"/>
<valueMap in="positive" out="S.14.01"/>
</valueMapConverter>
<valueMapConverter id="conv3_15_3_2">
<valueMap in="negative" out="false"/>
<valueMap in="positive" out="true"/>
</valueMapConverter>
<multiplyConverter scaleFactor="1" ratio="1" id="conv3_4_1"/>
<valueMapConverter id="conv4_16_3">
<valueMap in="negative" out="S.38.01"/>
<valueMap in="positive" out="S.38.01"/>
</valueMapConverter>
<valueMapConverter id="conv4_16_3_2">
<valueMap in="negative" out="false"/>
<valueMap in="positive" out="true"/>
</valueMapConverter>
<valueMapConverter id="conv5_17_3">
<valueMap in="negative" out="S.40.01"/>
<valueMap in="positive" out="S.40.01"/>
</valueMapConverter>
<valueMapConverter id="conv5_17_3_2">
<valueMap in="negative" out="false"/>
<valueMap in="positive" out="true"/>
</valueMapConverter>
</converterDefinition>
<mappingDefinition>
<repeatMapping>
<sheetRepeatMappingInformation sheetNumber="0" row="13" column="3" rowSize="5" columnSize="1" defaultMaxRepeatCount="1" allowExtension="false" ignoreEmptyData="true" repeatDirection="row"/>
<tupleMappingInformation namespaceURI="http://www.eurofiling.info/xbrl/ext/filing-indicators" name="fIndicators"/>
<mapping converter="conv1_13_3">
<sheetMapLocation sheetNumber="0" row="13" column="3"/>
<aspectLocation duplicateFactAllowed="true">
<concept ref="c_filingIndicator_x"/>
<otherAttr ref="o0_13_3"/>
</aspectLocation>
</mapping>
<mapping converter="conv2_14_3">
<sheetMapLocation sheetNumber="0" row="14" column="3"/>
<aspectLocation duplicateFactAllowed="true">
<concept ref="c_filingIndicator_x"/>
<otherAttr ref="o0_14_3"/>
</aspectLocation>
</mapping>
<mapping converter="conv3_15_3">
<sheetMapLocation sheetNumber="0" row="15" column="3"/>
<aspectLocation duplicateFactAllowed="true">
<concept ref="c_filingIndicator_x"/>
<otherAttr ref="o0_15_3"/>
</aspectLocation>
</mapping>
<mapping converter="conv4_16_3">
<sheetMapLocation sheetNumber="0" row="16" column="3"/>
<aspectLocation duplicateFactAllowed="true">
<concept ref="c_filingIndicator_x"/>
<otherAttr ref="o0_16_3"/>
</aspectLocation>
</mapping>
<mapping converter="conv5_17_3">
<sheetMapLocation sheetNumber="0" row="17" column="3"/>
<aspectLocation duplicateFactAllowed="true">
<concept ref="c_filingIndicator_x"/>
<otherAttr ref="o0_17_3"/>
</aspectLocation>
</mapping>
</repeatMapping>
<mapping>
<sheetMapLocation sheetNumber="1" row="5" column="3"/>
<aspectLocation factAttributes="attr1_5_3">
<specialValueMappingMode value="" mode="ignore"/>
<concept ref="c_ei1633_y"/>
</aspectLocation>
</mapping>
<mapping>
<sheetMapLocation sheetNumber="1" row="6" column="3"/>
<aspectLocation factAttributes="attr1_5_3">
<specialValueMappingMode value="" mode="ignore"/>
<concept ref="c_ei1720_y"/>
</aspectLocation>
</mapping>
<mapping>
<sheetMapLocation sheetNumber="1" row="7" column="3"/>
<aspectLocation factAttributes="attr1_5_3">
<specialValueMappingMode value="" mode="ignore"/>
<concept ref="c_ei2172_y"/>
</aspectLocation>
</mapping>
<mapping>
<sheetMapLocation sheetNumber="1" row="8" column="3"/>
<aspectLocation factAttributes="attr1_5_3">
<specialValueMappingMode value="" mode="ignore"/>
<concept ref="c_ei2173_y"/>
</aspectLocation>
</mapping>
<mapping>
<sheetMapLocation sheetNumber="2" row="4" column="2"/>
<aspectLocation factAttributes="attr1_5_3">
<specialValueMappingMode value="" mode="ignore"/>
<concept ref="c_si1504_y"/>
</aspectLocation>
</mapping>
<mapping>
<sheetMapLocation sheetNumber="2" row="5" column="2"/>
<aspectLocation factAttributes="attr1_5_3">
<specialValueMappingMode value="" mode="ignore"/>
<concept ref="c_si1899_y"/>
</aspectLocation>
</mapping>
<mapping>
<sheetMapLocation sheetNumber="2" row="6" column="2"/>
<aspectLocation factAttributes="attr1_5_3">
<specialValueMappingMode value="" mode="ignore"/>
<concept ref="c_ei2454_y"/>
</aspectLocation>
</mapping>
<mapping>
<sheetMapLocation sheetNumber="2" row="7" column="2"/>
<aspectLocation factAttributes="attr1_5_3">
<specialValueMappingMode value="" mode="ignore"/>
<concept ref="c_ei1685_y"/>
</aspectLocation>
</mapping>
<mapping>
<sheetMapLocation sheetNumber="2" row="8" column="2"/>
<aspectLocation factAttributes="attr1_5_3">
<specialValueMappingMode value="" mode="ignore"/>
<concept ref="c_ei1683_y"/>
</aspectLocation>
</mapping>
<mapping>
<sheetMapLocation sheetNumber="2" row="9" column="2"/>
<aspectLocation factAttributes="attr1_5_3">
<specialValueMappingMode value="" mode="ignore"/>
<concept ref="c_di1044_y"/>
</aspectLocation>
</mapping>
<mapping>
<sheetMapLocation sheetNumber="2" row="10" column="2"/>
<aspectLocation factAttributes="attr1_5_3">
<specialValueMappingMode value="" mode="ignore"/>
<concept ref="c_di1043_y"/>
</aspectLocation>
</mapping>
<mapping>
<sheetMapLocation sheetNumber="2" row="11" column="2"/>
<aspectLocation factAttributes="attr1_5_3">
<specialValueMappingMode value="" mode="ignore"/>
<concept ref="c_ei1677_y"/>
</aspectLocation>
</mapping>
<mapping>
<sheetMapLocation sheetNumber="2" row="12" column="2"/>
<aspectLocation factAttributes="attr1_5_3">
<specialValueMappingMode value="" mode="ignore"/>
<concept ref="c_ei1930_y"/>
</aspectLocation>
</mapping>
<mapping>
<sheetMapLocation sheetNumber="2" row="13" column="2"/>
<aspectLocation factAttributes="attr1_5_3">
<specialValueMappingMode value="" mode="ignore"/>
<concept ref="c_ei1687_y"/>
</aspectLocation>
</mapping>
<mapping>
<sheetMapLocation sheetNumber="2" row="14" column="2"/>
<aspectLocation factAttributes="attr1_5_3">
<specialValueMappingMode value="" mode="ignore"/>
<concept ref="c_ei1676_y"/>
</aspectLocation>
</mapping>
<mapping>
<sheetMapLocation sheetNumber="2" row="15" column="2"/>
<aspectLocation factAttributes="attr1_5_3">
<specialValueMappingMode value="" mode="ignore"/>
<concept ref="c_ei1688_y"/>
</aspectLocation>
</mapping>
<mapping>
<sheetMapLocation sheetNumber="2" row="16" column="2"/>
<aspectLocation factAttributes="attr1_5_3">
<specialValueMappingMode value="" mode="ignore"/>
<concept ref="c_ei1931_y"/>
</aspectLocation>
</mapping>
<mapping>
<sheetMapLocation sheetNumber="2" row="17" column="2"/>
<aspectLocation factAttributes="attr1_5_3">
<specialValueMappingMode value="" mode="ignore"/>
<concept ref="c_ei1689_y"/>
</aspectLocation>
</mapping>
<mapping>
<sheetMapLocation sheetNumber="2" row="18" column="2"/>
<aspectLocation factAttributes="attr1_5_3">
<specialValueMappingMode value="" mode="ignore"/>
<concept ref="c_ei1679_y"/>
</aspectLocation>
</mapping>
<mapping>
<sheetMapLocation sheetNumber="2" row="19" column="2"/>
<aspectLocation factAttributes="attr1_5_3">
<specialValueMappingMode value="" mode="ignore"/>
<concept ref="c_ei1680_y"/>
</aspectLocation>
</mapping>
<mapping>
<sheetMapLocation sheetNumber="2" row="20" column="2"/>
<aspectLocation factAttributes="attr1_5_3">
<specialValueMappingMode value="" mode="ignore"/>
<concept ref="c_ei1681_y"/>
</aspectLocation>
</mapping>
<mapping>
<sheetMapLocation sheetNumber="2" row="21" column="2"/>
<aspectLocation factAttributes="attr1_5_3">
<specialValueMappingMode value="" mode="ignore"/>
<concept ref="c_ei1682_y"/>
</aspectLocation>
</mapping>
<mapping>
<sheetMapLocation sheetNumber="2" row="22" column="2"/>
<aspectLocation factAttributes="attr1_5_3">
<specialValueMappingMode value="" mode="ignore"/>
<concept ref="c_ei1684_y"/>
</aspectLocation>
</mapping>
<repeatMapping>
<sheetRepeatMappingInformation sheetNumber="3" row="4" column="0" rowSize="1" columnSize="3" defaultMaxRepeatCount="1" allowExtension="true" ignoreEmptyData="true" repeatDirection="row">
<cellValueRepeatStopper value="" columnOffset="0" rowOffset="0"/>
</sheetRepeatMappingInformation>
<repeatMappingInformation/>
<mapping converter="conv3_4_1">
<sheetMapLocation sheetNumber="3" row="4" column="1"/>
<aspectLocation factAttributes="attr3_4_1">
<specialValueMappingMode value="" mode="ignore"/>
<concept ref="c_mi1147_x"/>
<dimension ref="d_HX_y"/>
</aspectLocation>
</mapping>
<mapping>
<sheetMapLocation sheetNumber="3" row="4" column="2"/>
<aspectLocation factAttributes="attr1_5_3">
<specialValueMappingMode value="" mode="ignore"/>
<concept ref="c_si1346_x"/>
<dimension ref="d_HX_y"/>
</aspectLocation>
</mapping>
</repeatMapping>
<mapping converter="conv3_4_1">
<sheetMapLocation sheetNumber="4" row="4" column="2"/>
<aspectLocation factAttributes="attr4_4_2">
<specialValueMappingMode value="" mode="ignore"/>
<concept ref="c_ri2440_y"/>
<dimension ref="d_BL_x65_y"/>
</aspectLocation>
</mapping>
<mapping converter="conv3_4_1">
<sheetMapLocation sheetNumber="4" row="5" column="2"/>
<aspectLocation factAttributes="attr4_4_2">
<specialValueMappingMode value="" mode="ignore"/>
<concept ref="c_ri2440_y"/>
<dimension ref="d_BL_x79_y"/>
</aspectLocation>
</mapping>
<mapping converter="conv3_4_1">
<sheetMapLocation sheetNumber="5" row="4" column="2"/>
<aspectLocation factAttributes="attr5_4_2">
<specialValueMappingMode value="" mode="ignore"/>
<concept ref="c_pi2176_y"/>
</aspectLocation>
</mapping>
</mappingDefinition>
</mappingRoot>
