<?xml version="1.0"?>
<!--Generated by Interstage XWand Mapping Generator B0025 October 12, 2018 -->
<!--Generated at 2019/04/25 09:23:45-->
<mappingRoot from="sheet" to="xbrl">
<sheetInformation/>
<xbrlInformation>
<aspectLocation>
<periodStart>
<sheetMapLocation sheetNumber="0" row="4" column="1"/>
</periodStart>
<periodEnd>
<sheetMapLocation sheetNumber="0" row="5" column="1"/>
</periodEnd>
<identifier>
<sheetMapLocation sheetNumber="0" row="6" column="1"/>
</identifier>
<scheme>
<sheetMapLocation sheetNumber="0" row="7" column="1"/>
</scheme>
<currency>
<sheetMapLocation sheetNumber="0" row="8" column="1"/>
</currency>
<language>
<sheetMapLocation sheetNumber="0" row="9" column="1"/>
</language>
</aspectLocation>
<contextFilterDefinition/>
<factAttributesDefinition>
<factAttributes unitMode="auto" precisionDecimalsMode="auto" id="attr1_5_3"/>
<factAttributes precisionDecimalsMode="eiopaRuleB" id="attr5_5_2"/>
<factAttributes unitContent="{http://www.xbrl.org/2003/instance}:pure" precisionDecimalsValue="4" unitMode="content" precisionDecimalsMode="fixedDecimals" id="attr7_4_2"/>
</factAttributesDefinition>
<dimensionAttributesDefinition>
<dimensionAttributes id="d_LG_AF_y" namespaceURI="http://eiopa.europa.eu/xbrl/s2c/dict/dim" localName="LG" value="{http://eiopa.europa.eu/xbrl/s2c/dict/dom/GA}:AF" axis="y">
<sheetMapLocation sheetNumber="4" row="4" column="0" outsideColumnRepeat="true"/>
<member qname="{http://eiopa.europa.eu/xbrl/s2c/dict/dom/GA}:x0" linkrole="http://eiopa.europa.eu/xbrl/s2c/role/dict/dom/GA/18" arcrole="http://xbrl.org/int/dim/arcrole/domain-member" axis="descendant"/>
</dimensionAttributes>
<dimensionAttributes id="d_VG_x80_z" namespaceURI="http://eiopa.europa.eu/xbrl/s2c/dict/dim" localName="VG" value="{http://eiopa.europa.eu/xbrl/s2c/dict/dom/AM}:x80" axis="z"/>
<dimensionAttributes id="d_VG_x84_y" namespaceURI="http://eiopa.europa.eu/xbrl/s2c/dict/dim" localName="VG" value="{http://eiopa.europa.eu/xbrl/s2c/dict/dom/AM}:x84" axis="y"/>
</dimensionAttributesDefinition>
<conceptAttributesDefinition>
<conceptAttributes id="c_filingIndicator_x" value="{http://www.eurofiling.info/xbrl/ext/filing-indicators}:filingIndicator"/>
<conceptAttributes id="c_ei1633_y" value="{http://eiopa.europa.eu/xbrl/s2md/dict/met}:ei1633" axis="y"/>
<conceptAttributes id="c_ei2171_y" value="{http://eiopa.europa.eu/xbrl/s2md/dict/met}:ei2171" axis="y"/>
<conceptAttributes id="c_ei2174_y" value="{http://eiopa.europa.eu/xbrl/s2md/dict/met}:ei2174" axis="y"/>
<conceptAttributes id="c_ei2175_y" value="{http://eiopa.europa.eu/xbrl/s2md/dict/met}:ei2175" axis="y"/>
<conceptAttributes id="c_si1376_y" value="{http://eiopa.europa.eu/xbrl/s2md/dict/met}:si1376" axis="y"/>
<conceptAttributes id="c_ei2135_y" value="{http://eiopa.europa.eu/xbrl/s2md/dict/met}:ei2135" axis="y"/>
<conceptAttributes id="c_si2131_y" value="{http://eiopa.europa.eu/xbrl/s2md/dict/met}:si2131" axis="y"/>
<conceptAttributes id="c_ei2136_y" value="{http://eiopa.europa.eu/xbrl/s2md/dict/met}:ei2136" axis="y"/>
<conceptAttributes id="c_si2132_y" value="{http://eiopa.europa.eu/xbrl/s2md/dict/met}:si2132" axis="y"/>
<conceptAttributes id="c_ei1683_y" value="{http://eiopa.europa.eu/xbrl/s2md/dict/met}:ei1683" axis="y"/>
<conceptAttributes id="c_di1044_y" value="{http://eiopa.europa.eu/xbrl/s2md/dict/met}:di1044" axis="y"/>
<conceptAttributes id="c_di1043_y" value="{http://eiopa.europa.eu/xbrl/s2md/dict/met}:di1043" axis="y"/>
<conceptAttributes id="c_ei1677_y" value="{http://eiopa.europa.eu/xbrl/s2md/dict/met}:ei1677" axis="y"/>
<conceptAttributes id="c_ei1930_y" value="{http://eiopa.europa.eu/xbrl/s2md/dict/met}:ei1930" axis="y"/>
<conceptAttributes id="c_ei1687_y" value="{http://eiopa.europa.eu/xbrl/s2md/dict/met}:ei1687" axis="y"/>
<conceptAttributes id="c_ei1676_y" value="{http://eiopa.europa.eu/xbrl/s2md/dict/met}:ei1676" axis="y"/>
<conceptAttributes id="c_ei1678_y" value="{http://eiopa.europa.eu/xbrl/s2md/dict/met}:ei1678" axis="y"/>
<conceptAttributes id="c_ei1931_y" value="{http://eiopa.europa.eu/xbrl/s2md/dict/met}:ei1931" axis="y"/>
<conceptAttributes id="c_ei1679_y" value="{http://eiopa.europa.eu/xbrl/s2md/dict/met}:ei1679" axis="y"/>
<conceptAttributes id="c_ei1680_y" value="{http://eiopa.europa.eu/xbrl/s2md/dict/met}:ei1680" axis="y"/>
<conceptAttributes id="c_ei1681_y" value="{http://eiopa.europa.eu/xbrl/s2md/dict/met}:ei1681" axis="y"/>
<conceptAttributes id="c_ei1682_y" value="{http://eiopa.europa.eu/xbrl/s2md/dict/met}:ei1682" axis="y"/>
<conceptAttributes id="c_ei1684_y" value="{http://eiopa.europa.eu/xbrl/s2md/dict/met}:ei1684" axis="y"/>
<conceptAttributes id="c_ei2137_y" value="{http://eiopa.europa.eu/xbrl/s2md/dict/met}:ei2137" axis="y"/>
<conceptAttributes id="c_ei2138_y" value="{http://eiopa.europa.eu/xbrl/s2md/dict/met}:ei2138" axis="y"/>
<conceptAttributes id="c_si2131_x" value="{http://eiopa.europa.eu/xbrl/s2md/dict/met}:si2131" axis="x"/>
<conceptAttributes id="c_ei2225_x" value="{http://eiopa.europa.eu/xbrl/s2md/dict/met}:ei2225" axis="x"/>
<conceptAttributes id="c_mi513_y" value="{http://eiopa.europa.eu/xbrl/s2md/dict/met}:mi513" axis="y"/>
<conceptAttributes id="c_mi379_y" value="{http://eiopa.europa.eu/xbrl/s2md/dict/met}:mi379" axis="y"/>
<conceptAttributes id="c_mi506_y" value="{http://eiopa.europa.eu/xbrl/s2md/dict/met}:mi506" axis="y"/>
<conceptAttributes id="c_pi542_y" value="{http://eiopa.europa.eu/xbrl/s2md/dict/met}:pi542" axis="y"/>
<conceptAttributes id="c_pi543_y" value="{http://eiopa.europa.eu/xbrl/s2md/dict/met}:pi543" axis="y"/>
</conceptAttributesDefinition>
<otherAttributesDefinition>
<otherAttribute id="o0_13_3" converter="conv1_13_3_2" namespaceURI="http://www.eurofiling.info/xbrl/ext/filing-indicators" localName="filed">
<sheetMapLocation sheetNumber="0" row="13" column="3"/>
</otherAttribute>
<otherAttribute id="o0_14_3" converter="conv2_14_3_2" namespaceURI="http://www.eurofiling.info/xbrl/ext/filing-indicators" localName="filed">
<sheetMapLocation sheetNumber="0" row="14" column="3"/>
</otherAttribute>
<otherAttribute id="o0_17_3" converter="conv5_17_3_2" namespaceURI="http://www.eurofiling.info/xbrl/ext/filing-indicators" localName="filed">
<sheetMapLocation sheetNumber="0" row="17" column="3"/>
</otherAttribute>
<otherAttribute id="o0_18_3" converter="conv6_18_3_2" namespaceURI="http://www.eurofiling.info/xbrl/ext/filing-indicators" localName="filed">
<sheetMapLocation sheetNumber="0" row="18" column="3"/>
</otherAttribute>
<otherAttribute id="o0_19_3" converter="conv7_19_3_2" namespaceURI="http://www.eurofiling.info/xbrl/ext/filing-indicators" localName="filed">
<sheetMapLocation sheetNumber="0" row="19" column="3"/>
</otherAttribute>
</otherAttributesDefinition>
<unitAttributesDefinition/>
</xbrlInformation>
<converterDefinition>
<valueMapConverter id="conv1_13_3">
<valueMap in="negative" out="S.01.01"/>
<valueMap in="positive" out="S.01.01"/>
</valueMapConverter>
<valueMapConverter id="conv1_13_3_2">
<valueMap in="negative" out="false"/>
<valueMap in="positive" out="true"/>
</valueMapConverter>
<valueMapConverter id="conv2_14_3">
<valueMap in="negative" out="S.01.02"/>
<valueMap in="positive" out="S.01.02"/>
</valueMapConverter>
<valueMapConverter id="conv2_14_3_2">
<valueMap in="negative" out="false"/>
<valueMap in="positive" out="true"/>
</valueMapConverter>
<valueMapConverter id="conv5_17_3">
<valueMap in="negative" out="S.25.04"/>
<valueMap in="positive" out="S.25.04"/>
</valueMapConverter>
<valueMapConverter id="conv5_17_3_2">
<valueMap in="negative" out="false"/>
<valueMap in="positive" out="true"/>
</valueMapConverter>
<multiplyConverter scaleFactor="1" ratio="1" id="conv5_5_2"/>
<valueMapConverter id="conv6_18_3">
<valueMap in="negative" out="S.39.01"/>
<valueMap in="positive" out="S.39.01"/>
</valueMapConverter>
<valueMapConverter id="conv6_18_3_2">
<valueMap in="negative" out="false"/>
<valueMap in="positive" out="true"/>
</valueMapConverter>
<valueMapConverter id="conv7_19_3">
<valueMap in="negative" out="S.41.01"/>
<valueMap in="positive" out="S.41.01"/>
</valueMapConverter>
<valueMapConverter id="conv7_19_3_2">
<valueMap in="negative" out="false"/>
<valueMap in="positive" out="true"/>
</valueMapConverter>
</converterDefinition>
<mappingDefinition>
<repeatMapping>
<sheetRepeatMappingInformation sheetNumber="0" row="13" column="3" rowSize="7" columnSize="1" defaultMaxRepeatCount="1" allowExtension="false" ignoreEmptyData="true" repeatDirection="row"/>
<tupleMappingInformation namespaceURI="http://www.eurofiling.info/xbrl/ext/filing-indicators" name="fIndicators"/>
<mapping converter="conv1_13_3">
<sheetMapLocation sheetNumber="0" row="13" column="3"/>
<aspectLocation duplicateFactAllowed="true">
<concept ref="c_filingIndicator_x"/>
<otherAttr ref="o0_13_3"/>
</aspectLocation>
</mapping>
<mapping converter="conv2_14_3">
<sheetMapLocation sheetNumber="0" row="14" column="3"/>
<aspectLocation duplicateFactAllowed="true">
<concept ref="c_filingIndicator_x"/>
<otherAttr ref="o0_14_3"/>
</aspectLocation>
</mapping>
<mapping converter="conv5_17_3">
<sheetMapLocation sheetNumber="0" row="17" column="3"/>
<aspectLocation duplicateFactAllowed="true">
<concept ref="c_filingIndicator_x"/>
<otherAttr ref="o0_17_3"/>
</aspectLocation>
</mapping>
<mapping converter="conv6_18_3">
<sheetMapLocation sheetNumber="0" row="18" column="3"/>
<aspectLocation duplicateFactAllowed="true">
<concept ref="c_filingIndicator_x"/>
<otherAttr ref="o0_18_3"/>
</aspectLocation>
</mapping>
<mapping converter="conv7_19_3">
<sheetMapLocation sheetNumber="0" row="19" column="3"/>
<aspectLocation duplicateFactAllowed="true">
<concept ref="c_filingIndicator_x"/>
<otherAttr ref="o0_19_3"/>
</aspectLocation>
</mapping>
</repeatMapping>
<mapping>
<sheetMapLocation sheetNumber="1" row="5" column="3"/>
<aspectLocation factAttributes="attr1_5_3">
<specialValueMappingMode value="" mode="ignore"/>
<concept ref="c_ei1633_y"/>
</aspectLocation>
</mapping>
<mapping>
<sheetMapLocation sheetNumber="1" row="6" column="3"/>
<aspectLocation factAttributes="attr1_5_3">
<specialValueMappingMode value="" mode="ignore"/>
<concept ref="c_ei2171_y"/>
</aspectLocation>
</mapping>
<mapping>
<sheetMapLocation sheetNumber="1" row="7" column="3"/>
<aspectLocation factAttributes="attr1_5_3">
<specialValueMappingMode value="" mode="ignore"/>
<concept ref="c_ei2174_y"/>
</aspectLocation>
</mapping>
<mapping>
<sheetMapLocation sheetNumber="1" row="8" column="3"/>
<aspectLocation factAttributes="attr1_5_3">
<specialValueMappingMode value="" mode="ignore"/>
<concept ref="c_ei2175_y"/>
</aspectLocation>
</mapping>
<mapping>
<sheetMapLocation sheetNumber="2" row="4" column="2"/>
<aspectLocation factAttributes="attr1_5_3">
<specialValueMappingMode value="" mode="ignore"/>
<concept ref="c_si1376_y"/>
</aspectLocation>
</mapping>
<mapping>
<sheetMapLocation sheetNumber="2" row="5" column="2"/>
<aspectLocation factAttributes="attr1_5_3">
<specialValueMappingMode value="" mode="ignore"/>
<concept ref="c_ei2135_y"/>
</aspectLocation>
</mapping>
<mapping>
<sheetMapLocation sheetNumber="2" row="6" column="2"/>
<aspectLocation factAttributes="attr1_5_3">
<specialValueMappingMode value="" mode="ignore"/>
<concept ref="c_si2131_y"/>
</aspectLocation>
</mapping>
<mapping>
<sheetMapLocation sheetNumber="2" row="7" column="2"/>
<aspectLocation factAttributes="attr1_5_3">
<specialValueMappingMode value="" mode="ignore"/>
<concept ref="c_ei2136_y"/>
</aspectLocation>
</mapping>
<mapping>
<sheetMapLocation sheetNumber="2" row="8" column="2"/>
<aspectLocation factAttributes="attr1_5_3">
<specialValueMappingMode value="" mode="ignore"/>
<concept ref="c_si2132_y"/>
</aspectLocation>
</mapping>
<mapping>
<sheetMapLocation sheetNumber="2" row="9" column="2"/>
<aspectLocation factAttributes="attr1_5_3">
<specialValueMappingMode value="" mode="ignore"/>
<concept ref="c_ei1683_y"/>
</aspectLocation>
</mapping>
<mapping>
<sheetMapLocation sheetNumber="2" row="10" column="2"/>
<aspectLocation factAttributes="attr1_5_3">
<specialValueMappingMode value="" mode="ignore"/>
<concept ref="c_di1044_y"/>
</aspectLocation>
</mapping>
<mapping>
<sheetMapLocation sheetNumber="2" row="11" column="2"/>
<aspectLocation factAttributes="attr1_5_3">
<specialValueMappingMode value="" mode="ignore"/>
<concept ref="c_di1043_y"/>
</aspectLocation>
</mapping>
<mapping>
<sheetMapLocation sheetNumber="2" row="12" column="2"/>
<aspectLocation factAttributes="attr1_5_3">
<specialValueMappingMode value="" mode="ignore"/>
<concept ref="c_ei1677_y"/>
</aspectLocation>
</mapping>
<mapping>
<sheetMapLocation sheetNumber="2" row="13" column="2"/>
<aspectLocation factAttributes="attr1_5_3">
<specialValueMappingMode value="" mode="ignore"/>
<concept ref="c_ei1930_y"/>
</aspectLocation>
</mapping>
<mapping>
<sheetMapLocation sheetNumber="2" row="14" column="2"/>
<aspectLocation factAttributes="attr1_5_3">
<specialValueMappingMode value="" mode="ignore"/>
<concept ref="c_ei1687_y"/>
</aspectLocation>
</mapping>
<mapping>
<sheetMapLocation sheetNumber="2" row="15" column="2"/>
<aspectLocation factAttributes="attr1_5_3">
<specialValueMappingMode value="" mode="ignore"/>
<concept ref="c_ei1676_y"/>
</aspectLocation>
</mapping>
<mapping>
<sheetMapLocation sheetNumber="2" row="16" column="2"/>
<aspectLocation factAttributes="attr1_5_3">
<specialValueMappingMode value="" mode="ignore"/>
<concept ref="c_ei1678_y"/>
</aspectLocation>
</mapping>
<mapping>
<sheetMapLocation sheetNumber="2" row="17" column="2"/>
<aspectLocation factAttributes="attr1_5_3">
<specialValueMappingMode value="" mode="ignore"/>
<concept ref="c_ei1931_y"/>
</aspectLocation>
</mapping>
<mapping>
<sheetMapLocation sheetNumber="2" row="18" column="2"/>
<aspectLocation factAttributes="attr1_5_3">
<specialValueMappingMode value="" mode="ignore"/>
<concept ref="c_ei1679_y"/>
</aspectLocation>
</mapping>
<mapping>
<sheetMapLocation sheetNumber="2" row="19" column="2"/>
<aspectLocation factAttributes="attr1_5_3">
<specialValueMappingMode value="" mode="ignore"/>
<concept ref="c_ei1680_y"/>
</aspectLocation>
</mapping>
<mapping>
<sheetMapLocation sheetNumber="2" row="20" column="2"/>
<aspectLocation factAttributes="attr1_5_3">
<specialValueMappingMode value="" mode="ignore"/>
<concept ref="c_ei1681_y"/>
</aspectLocation>
</mapping>
<mapping>
<sheetMapLocation sheetNumber="2" row="21" column="2"/>
<aspectLocation factAttributes="attr1_5_3">
<specialValueMappingMode value="" mode="ignore"/>
<concept ref="c_ei1682_y"/>
</aspectLocation>
</mapping>
<mapping>
<sheetMapLocation sheetNumber="2" row="22" column="2"/>
<aspectLocation factAttributes="attr1_5_3">
<specialValueMappingMode value="" mode="ignore"/>
<concept ref="c_ei1684_y"/>
</aspectLocation>
</mapping>
<mapping>
<sheetMapLocation sheetNumber="2" row="23" column="2"/>
<aspectLocation factAttributes="attr1_5_3">
<specialValueMappingMode value="" mode="ignore"/>
<concept ref="c_ei2137_y"/>
</aspectLocation>
</mapping>
<mapping>
<sheetMapLocation sheetNumber="3" row="4" column="2"/>
<aspectLocation factAttributes="attr1_5_3">
<specialValueMappingMode value="" mode="ignore"/>
<concept ref="c_ei2138_y"/>
</aspectLocation>
</mapping>
<repeatMapping>
<sheetRepeatMappingInformation sheetNumber="4" row="4" column="0" rowSize="1" columnSize="3" defaultMaxRepeatCount="1" allowExtension="true" ignoreEmptyData="true" repeatDirection="row">
<cellValueRepeatStopper value="" columnOffset="0" rowOffset="0"/>
</sheetRepeatMappingInformation>
<repeatMappingInformation/>
<mapping>
<sheetMapLocation sheetNumber="4" row="4" column="1"/>
<aspectLocation factAttributes="attr1_5_3">
<specialValueMappingMode value="" mode="ignore"/>
<concept ref="c_si2131_x"/>
<dimension ref="d_LG_AF_y"/>
</aspectLocation>
</mapping>
<mapping>
<sheetMapLocation sheetNumber="4" row="4" column="2"/>
<aspectLocation factAttributes="attr1_5_3">
<specialValueMappingMode value="" mode="ignore"/>
<concept ref="c_ei2225_x"/>
<dimension ref="d_LG_AF_y"/>
</aspectLocation>
</mapping>
</repeatMapping>
<mapping converter="conv5_5_2">
<sheetMapLocation sheetNumber="5" row="5" column="2"/>
<aspectLocation factAttributes="attr5_5_2">
<specialValueMappingMode value="" mode="ignore"/>
<concept ref="c_mi513_y"/>
<dimension ref="d_VG_x80_z"/>
</aspectLocation>
</mapping>
<mapping converter="conv5_5_2">
<sheetMapLocation sheetNumber="5" row="6" column="2"/>
<aspectLocation factAttributes="attr5_5_2">
<specialValueMappingMode value="" mode="ignore"/>
<concept ref="c_mi379_y"/>
<dimension ref="d_VG_x80_z"/>
</aspectLocation>
</mapping>
<mapping converter="conv5_5_2">
<sheetMapLocation sheetNumber="6" row="4" column="2"/>
<aspectLocation factAttributes="attr5_5_2">
<specialValueMappingMode value="" mode="ignore"/>
<concept ref="c_mi506_y"/>
<dimension ref="d_VG_x84_y"/>
</aspectLocation>
</mapping>
<mapping converter="conv5_5_2">
<sheetMapLocation sheetNumber="7" row="4" column="2"/>
<aspectLocation factAttributes="attr7_4_2">
<specialValueMappingMode value="" mode="ignore"/>
<concept ref="c_pi542_y"/>
</aspectLocation>
</mapping>
<mapping converter="conv5_5_2">
<sheetMapLocation sheetNumber="7" row="5" column="2"/>
<aspectLocation factAttributes="attr7_4_2">
<specialValueMappingMode value="" mode="ignore"/>
<concept ref="c_pi543_y"/>
</aspectLocation>
</mapping>
</mappingDefinition>
</mappingRoot>
