<?xml version="1.0"?>
<!--Generated by Interstage XWand Mapping Generator B0025 October 12, 2018 -->
<!--Generated at 2019/04/25 09:51:46-->
<mappingRoot from="sheet" to="xbrl">
<sheetInformation/>
<xbrlInformation>
<aspectLocation>
<periodStart>
<sheetMapLocation sheetNumber="0" row="4" column="1"/>
</periodStart>
<periodEnd>
<sheetMapLocation sheetNumber="0" row="5" column="1"/>
</periodEnd>
<identifier>
<sheetMapLocation sheetNumber="0" row="6" column="1"/>
</identifier>
<scheme>
<sheetMapLocation sheetNumber="0" row="7" column="1"/>
</scheme>
<currency>
<sheetMapLocation sheetNumber="0" row="8" column="1"/>
</currency>
<language>
<sheetMapLocation sheetNumber="0" row="9" column="1"/>
</language>
</aspectLocation>
<contextFilterDefinition/>
<factAttributesDefinition>
<factAttributes unitMode="auto" precisionDecimalsMode="auto" id="attr1_5_3"/>
<factAttributes unitContent="{http://www.xbrl.org/2003/instance}:pure" precisionDecimalsValue="0" unitMode="content" precisionDecimalsMode="fixedDecimals" id="attr2_10_2"/>
<factAttributes precisionDecimalsMode="eiopaRuleB" id="attr3_5_3"/>
<factAttributes unitContent="{http://www.xbrl.org/2003/instance}:pure" precisionDecimalsValue="4" unitMode="content" precisionDecimalsMode="fixedDecimals" id="attr14_4_10"/>
</factAttributesDefinition>
<dimensionAttributesDefinition>
<dimensionAttributes id="d_VG_x80_x" namespaceURI="http://eiopa.europa.eu/xbrl/s2c/dict/dim" localName="VG" value="{http://eiopa.europa.eu/xbrl/s2c/dict/dom/AM}:x80" axis="x"/>
<dimensionAttributes id="d_DA_y" namespaceURI="http://eiopa.europa.eu/xbrl/s2c/dict/dim" localName="DA" value_nillable="true" axis="y" key-column-type="*natural key*|&quot;mandatory&quot;">
<sheetMapLocation sheetNumber="4" row="5" column="0" outsideColumnRepeat="true"/>
</dimensionAttributes>
<dimensionAttributes id="d_VG_x80_z" namespaceURI="http://eiopa.europa.eu/xbrl/s2c/dict/dim" localName="VG" value="{http://eiopa.europa.eu/xbrl/s2c/dict/dom/AM}:x80" axis="z"/>
<dimensionAttributes id="d_DL_y" namespaceURI="http://eiopa.europa.eu/xbrl/s2c/dict/dim" localName="DL" value_nillable="true" axis="y" key-column-type="*natural key*|&quot;mandatory&quot;">
<sheetMapLocation sheetNumber="5" row="5" column="0" outsideColumnRepeat="true"/>
</dimensionAttributes>
<dimensionAttributes id="d_DE_y" namespaceURI="http://eiopa.europa.eu/xbrl/s2c/dict/dim" localName="DE" value_nillable="true" axis="y" key-column-type="*natural key*|&quot;mandatory&quot;">
<sheetMapLocation sheetNumber="6" row="5" column="0" outsideColumnRepeat="true"/>
</dimensionAttributes>
<dimensionAttributes id="d_VG_x84_x" namespaceURI="http://eiopa.europa.eu/xbrl/s2c/dict/dim" localName="VG" value="{http://eiopa.europa.eu/xbrl/s2c/dict/dom/AM}:x84" axis="x"/>
<dimensionAttributes id="d_DF_y" namespaceURI="http://eiopa.europa.eu/xbrl/s2c/dict/dim" localName="DF" value_nillable="true" axis="y" key-column-type="*natural key*|&quot;mandatory&quot;">
<sheetMapLocation sheetNumber="8" row="4" column="0" outsideColumnRepeat="true"/>
</dimensionAttributes>
<dimensionAttributes id="d_DB_y" namespaceURI="http://eiopa.europa.eu/xbrl/s2c/dict/dim" localName="DB" value_nillable="true" axis="y" key-column-type="*natural key*|&quot;mandatory&quot;">
<sheetMapLocation sheetNumber="9" row="4" column="0" outsideColumnRepeat="true"/>
</dimensionAttributes>
<dimensionAttributes id="d_TA_x132_x" namespaceURI="http://eiopa.europa.eu/xbrl/s2c/dict/dim" localName="TA" value="{http://eiopa.europa.eu/xbrl/s2c/dict/dom/AM}:x132" axis="x"/>
<dimensionAttributes id="d_RS_y" namespaceURI="http://eiopa.europa.eu/xbrl/s2c/dict/dim" localName="RS" value_nillable="true" axis="y" key-column-type="*natural key*|&quot;mandatory&quot;">
<sheetMapLocation sheetNumber="11" row="4" column="0" outsideColumnRepeat="true"/>
</dimensionAttributes>
<dimensionAttributes id="d_RS_y_1" namespaceURI="http://eiopa.europa.eu/xbrl/s2c/dict/dim" localName="RS" value_nillable="true" axis="y" key-column-type="*natural key*|&quot;mandatory&quot;">
<sheetMapLocation sheetNumber="13" row="4" column="0" outsideColumnRepeat="true"/>
</dimensionAttributes>
<dimensionAttributes id="d_YR_y" namespaceURI="http://eiopa.europa.eu/xbrl/s2c/dict/dim" localName="YR" includeUnreportedValue="true" value_nillable="true" axis="y" key-column-type="*artificial key*|&quot;optional&quot;">
<sheetMapLocation sheetNumber="14" row="4" column="3" outsideColumnRepeat="true"/>
</dimensionAttributes>
<dimensionAttributes id="d_YO_y" namespaceURI="http://eiopa.europa.eu/xbrl/s2c/dict/dim" localName="YO" includeUnreportedValue="true" value_nillable="true" axis="y" key-column-type="*artificial key*|&quot;optional&quot;">
<sheetMapLocation sheetNumber="14" row="4" column="2" outsideColumnRepeat="true"/>
</dimensionAttributes>
<dimensionAttributes id="d_YN_y" namespaceURI="http://eiopa.europa.eu/xbrl/s2c/dict/dim" localName="YN" includeUnreportedValue="true" value_nillable="true" axis="y" key-column-type="*artificial key*|&quot;optional&quot;">
<sheetMapLocation sheetNumber="14" row="4" column="1" outsideColumnRepeat="true"/>
</dimensionAttributes>
<dimensionAttributes id="d_YM_y" namespaceURI="http://eiopa.europa.eu/xbrl/s2c/dict/dim" localName="YM" value_nillable="true" axis="y" key-column-type="*artificial key*|&quot;mandatory&quot;">
<sheetMapLocation sheetNumber="14" row="4" column="0" outsideColumnRepeat="true"/>
</dimensionAttributes>
</dimensionAttributesDefinition>
<conceptAttributesDefinition>
<conceptAttributes id="c_filingIndicator_x" value="{http://www.eurofiling.info/xbrl/ext/filing-indicators}:filingIndicator"/>
<conceptAttributes id="c_ei1633_y" value="{http://eiopa.europa.eu/xbrl/s2md/dict/met}:ei1633" axis="y"/>
<conceptAttributes id="c_ei1634_y" value="{http://eiopa.europa.eu/xbrl/s2md/dict/met}:ei1634" axis="y"/>
<conceptAttributes id="c_ei1674_y" value="{http://eiopa.europa.eu/xbrl/s2md/dict/met}:ei1674" axis="y"/>
<conceptAttributes id="c_ei2177_y" value="{http://eiopa.europa.eu/xbrl/s2md/dict/met}:ei2177" axis="y"/>
<conceptAttributes id="c_ei2178_y" value="{http://eiopa.europa.eu/xbrl/s2md/dict/met}:ei2178" axis="y"/>
<conceptAttributes id="c_si1384_y" value="{http://eiopa.europa.eu/xbrl/s2md/dict/met}:si1384" axis="y"/>
<conceptAttributes id="c_si2179_y" value="{http://eiopa.europa.eu/xbrl/s2md/dict/met}:si2179" axis="y"/>
<conceptAttributes id="c_ei1960_y" value="{http://eiopa.europa.eu/xbrl/s2md/dict/met}:ei1960" axis="y"/>
<conceptAttributes id="c_di1044_y" value="{http://eiopa.europa.eu/xbrl/s2md/dict/met}:di1044" axis="y"/>
<conceptAttributes id="c_di1043_y" value="{http://eiopa.europa.eu/xbrl/s2md/dict/met}:di1043" axis="y"/>
<conceptAttributes id="c_ei1930_y" value="{http://eiopa.europa.eu/xbrl/s2md/dict/met}:ei1930" axis="y"/>
<conceptAttributes id="c_ii2180_y" value="{http://eiopa.europa.eu/xbrl/s2md/dict/met}:ii2180" axis="y"/>
<conceptAttributes id="c_ei2181_y" value="{http://eiopa.europa.eu/xbrl/s2md/dict/met}:ei2181" axis="y"/>
<conceptAttributes id="c_mi2182_y" value="{http://eiopa.europa.eu/xbrl/s2md/dict/met}:mi2182" axis="y"/>
<conceptAttributes id="c_mi2183_y" value="{http://eiopa.europa.eu/xbrl/s2md/dict/met}:mi2183" axis="y"/>
<conceptAttributes id="c_mi2184_y" value="{http://eiopa.europa.eu/xbrl/s2md/dict/met}:mi2184" axis="y"/>
<conceptAttributes id="c_mi2185_y" value="{http://eiopa.europa.eu/xbrl/s2md/dict/met}:mi2185" axis="y"/>
<conceptAttributes id="c_mi2186_y" value="{http://eiopa.europa.eu/xbrl/s2md/dict/met}:mi2186" axis="y"/>
<conceptAttributes id="c_mi2187_y" value="{http://eiopa.europa.eu/xbrl/s2md/dict/met}:mi2187" axis="y"/>
<conceptAttributes id="c_mi2188_y" value="{http://eiopa.europa.eu/xbrl/s2md/dict/met}:mi2188" axis="y"/>
<conceptAttributes id="c_mi2189_y" value="{http://eiopa.europa.eu/xbrl/s2md/dict/met}:mi2189" axis="y"/>
<conceptAttributes id="c_mi2190_y" value="{http://eiopa.europa.eu/xbrl/s2md/dict/met}:mi2190" axis="y"/>
<conceptAttributes id="c_mi201_y" value="{http://eiopa.europa.eu/xbrl/s2md/dict/met}:mi201" axis="y"/>
<conceptAttributes id="c_mi2192_y" value="{http://eiopa.europa.eu/xbrl/s2md/dict/met}:mi2192" axis="y"/>
<conceptAttributes id="c_mi2193_y" value="{http://eiopa.europa.eu/xbrl/s2md/dict/met}:mi2193" axis="y"/>
<conceptAttributes id="c_mi360_y" value="{http://eiopa.europa.eu/xbrl/s2md/dict/met}:mi360" axis="y"/>
<conceptAttributes id="c_mi2194_y" value="{http://eiopa.europa.eu/xbrl/s2md/dict/met}:mi2194" axis="y"/>
<conceptAttributes id="c_mi2195_y" value="{http://eiopa.europa.eu/xbrl/s2md/dict/met}:mi2195" axis="y"/>
<conceptAttributes id="c_mi346_y" value="{http://eiopa.europa.eu/xbrl/s2md/dict/met}:mi346" axis="y"/>
<conceptAttributes id="c_mi2196_y" value="{http://eiopa.europa.eu/xbrl/s2md/dict/met}:mi2196" axis="y"/>
<conceptAttributes id="c_mi2189_x" value="{http://eiopa.europa.eu/xbrl/s2md/dict/met}:mi2189" axis="x"/>
<conceptAttributes id="c_mi2194_x" value="{http://eiopa.europa.eu/xbrl/s2md/dict/met}:mi2194" axis="x"/>
<conceptAttributes id="c_mi2196_x" value="{http://eiopa.europa.eu/xbrl/s2md/dict/met}:mi2196" axis="x"/>
<conceptAttributes id="c_mi2197_y" value="{http://eiopa.europa.eu/xbrl/s2md/dict/met}:mi2197" axis="y"/>
<conceptAttributes id="c_mi1969_y" value="{http://eiopa.europa.eu/xbrl/s2md/dict/met}:mi1969" axis="y"/>
<conceptAttributes id="c_mi2198_y" value="{http://eiopa.europa.eu/xbrl/s2md/dict/met}:mi2198" axis="y"/>
<conceptAttributes id="c_mi597_y" value="{http://eiopa.europa.eu/xbrl/s2md/dict/met}:mi597" axis="y"/>
<conceptAttributes id="c_mi2220_y" value="{http://eiopa.europa.eu/xbrl/s2md/dict/met}:mi2220" axis="y"/>
<conceptAttributes id="c_mi2199_x" value="{http://eiopa.europa.eu/xbrl/s2md/dict/met}:mi2199" axis="x"/>
<conceptAttributes id="c_mi2200_x" value="{http://eiopa.europa.eu/xbrl/s2md/dict/met}:mi2200" axis="x"/>
<conceptAttributes id="c_mi2201_x" value="{http://eiopa.europa.eu/xbrl/s2md/dict/met}:mi2201" axis="x"/>
<conceptAttributes id="c_mi201_x" value="{http://eiopa.europa.eu/xbrl/s2md/dict/met}:mi201" axis="x"/>
<conceptAttributes id="c_di2202_x" value="{http://eiopa.europa.eu/xbrl/s2md/dict/met}:di2202" axis="x"/>
<conceptAttributes id="c_ei2203_x" value="{http://eiopa.europa.eu/xbrl/s2md/dict/met}:ei2203" axis="x"/>
<conceptAttributes id="c_si2204_x" value="{http://eiopa.europa.eu/xbrl/s2md/dict/met}:si2204" axis="x"/>
<conceptAttributes id="c_si2205_x" value="{http://eiopa.europa.eu/xbrl/s2md/dict/met}:si2205" axis="x"/>
<conceptAttributes id="c_mi2206_x" value="{http://eiopa.europa.eu/xbrl/s2md/dict/met}:mi2206" axis="x"/>
<conceptAttributes id="c_mi1131_x" value="{http://eiopa.europa.eu/xbrl/s2md/dict/met}:mi1131" axis="x"/>
<conceptAttributes id="c_ei2181_x" value="{http://eiopa.europa.eu/xbrl/s2md/dict/met}:ei2181" axis="x"/>
<conceptAttributes id="c_ri2441_x" value="{http://eiopa.europa.eu/xbrl/s2md/dict/met}:ri2441" axis="x"/>
<conceptAttributes id="c_mi2193_x" value="{http://eiopa.europa.eu/xbrl/s2md/dict/met}:mi2193" axis="x"/>
<conceptAttributes id="c_si2209_x" value="{http://eiopa.europa.eu/xbrl/s2md/dict/met}:si2209" axis="x"/>
<conceptAttributes id="c_mi2208_x" value="{http://eiopa.europa.eu/xbrl/s2md/dict/met}:mi2208" axis="x"/>
<conceptAttributes id="c_si2512_x" value="{http://eiopa.europa.eu/xbrl/s2md/dict/met}:si2512" axis="x"/>
<conceptAttributes id="c_mi2507_x" value="{http://eiopa.europa.eu/xbrl/s2md/dict/met}:mi2507" axis="x"/>
<conceptAttributes id="c_si2508_x" value="{http://eiopa.europa.eu/xbrl/s2md/dict/met}:si2508" axis="x"/>
<conceptAttributes id="c_di2509_x" value="{http://eiopa.europa.eu/xbrl/s2md/dict/met}:di2509" axis="x"/>
<conceptAttributes id="c_ii2510_x" value="{http://eiopa.europa.eu/xbrl/s2md/dict/met}:ii2510" axis="x"/>
<conceptAttributes id="c_ri2511_x" value="{http://eiopa.europa.eu/xbrl/s2md/dict/met}:ri2511" axis="x"/>
<conceptAttributes id="c_pi1550_x" value="{http://eiopa.europa.eu/xbrl/s2md/dict/met}:pi1550" axis="x"/>
<conceptAttributes id="c_bi7_x" value="{http://eiopa.europa.eu/xbrl/s2md/dict/met}:bi7" axis="x"/>
</conceptAttributesDefinition>
<otherAttributesDefinition>
<otherAttribute id="o0_13_3" converter="conv1_13_3_2" namespaceURI="http://www.eurofiling.info/xbrl/ext/filing-indicators" localName="filed">
<sheetMapLocation sheetNumber="0" row="13" column="3"/>
</otherAttribute>
<otherAttribute id="o0_14_3" converter="conv2_14_3_2" namespaceURI="http://www.eurofiling.info/xbrl/ext/filing-indicators" localName="filed">
<sheetMapLocation sheetNumber="0" row="14" column="3"/>
</otherAttribute>
<otherAttribute id="o0_15_3" converter="conv3_15_3_2" namespaceURI="http://www.eurofiling.info/xbrl/ext/filing-indicators" localName="filed">
<sheetMapLocation sheetNumber="0" row="15" column="3"/>
</otherAttribute>
<otherAttribute id="o0_19_3" converter="conv7_19_3_2" namespaceURI="http://www.eurofiling.info/xbrl/ext/filing-indicators" localName="filed">
<sheetMapLocation sheetNumber="0" row="19" column="3"/>
</otherAttribute>
<otherAttribute id="o0_22_3" converter="conv10_22_3_2" namespaceURI="http://www.eurofiling.info/xbrl/ext/filing-indicators" localName="filed">
<sheetMapLocation sheetNumber="0" row="22" column="3"/>
</otherAttribute>
<otherAttribute id="o0_24_3" converter="conv12_24_3_2" namespaceURI="http://www.eurofiling.info/xbrl/ext/filing-indicators" localName="filed">
<sheetMapLocation sheetNumber="0" row="24" column="3"/>
</otherAttribute>
<otherAttribute id="o0_26_3" converter="conv14_26_3_2" namespaceURI="http://www.eurofiling.info/xbrl/ext/filing-indicators" localName="filed">
<sheetMapLocation sheetNumber="0" row="26" column="3"/>
</otherAttribute>
</otherAttributesDefinition>
<unitAttributesDefinition/>
</xbrlInformation>
<converterDefinition>
<valueMapConverter id="conv1_13_3">
<valueMap in="negative" out="SPV.01.01"/>
<valueMap in="positive" out="SPV.01.01"/>
</valueMapConverter>
<valueMapConverter id="conv1_13_3_2">
<valueMap in="negative" out="false"/>
<valueMap in="positive" out="true"/>
</valueMapConverter>
<valueMapConverter id="conv2_14_3">
<valueMap in="negative" out="SPV.01.02"/>
<valueMap in="positive" out="SPV.01.02"/>
</valueMapConverter>
<valueMapConverter id="conv2_14_3_2">
<valueMap in="negative" out="false"/>
<valueMap in="positive" out="true"/>
</valueMapConverter>
<multiplyConverter scaleFactor="1" ratio="1" id="conv2_10_2"/>
<valueMapConverter id="conv3_15_3">
<valueMap in="negative" out="SPV.02.01"/>
<valueMap in="positive" out="SPV.02.01"/>
</valueMapConverter>
<valueMapConverter id="conv3_15_3_2">
<valueMap in="negative" out="false"/>
<valueMap in="positive" out="true"/>
</valueMapConverter>
<valueMapConverter id="conv7_19_3">
<valueMap in="negative" out="SPV.02.02"/>
<valueMap in="positive" out="SPV.02.02"/>
</valueMapConverter>
<valueMapConverter id="conv7_19_3_2">
<valueMap in="negative" out="false"/>
<valueMap in="positive" out="true"/>
</valueMapConverter>
<valueMapConverter id="conv10_22_3">
<valueMap in="negative" out="SPV.03.01"/>
<valueMap in="positive" out="SPV.03.01"/>
</valueMapConverter>
<valueMapConverter id="conv10_22_3_2">
<valueMap in="negative" out="false"/>
<valueMap in="positive" out="true"/>
</valueMapConverter>
<valueMapConverter id="conv12_24_3">
<valueMap in="negative" out="SPV.03.02"/>
<valueMap in="positive" out="SPV.03.02"/>
</valueMapConverter>
<valueMapConverter id="conv12_24_3_2">
<valueMap in="negative" out="false"/>
<valueMap in="positive" out="true"/>
</valueMapConverter>
<valueMapConverter id="conv14_26_3">
<valueMap in="negative" out="T.99.01"/>
<valueMap in="positive" out="T.99.01"/>
</valueMapConverter>
<valueMapConverter id="conv14_26_3_2">
<valueMap in="negative" out="false"/>
<valueMap in="positive" out="true"/>
</valueMapConverter>
</converterDefinition>
<mappingDefinition>
<repeatMapping>
<sheetRepeatMappingInformation sheetNumber="0" row="13" column="3" rowSize="14" columnSize="1" defaultMaxRepeatCount="1" allowExtension="false" ignoreEmptyData="true" repeatDirection="row"/>
<tupleMappingInformation namespaceURI="http://www.eurofiling.info/xbrl/ext/filing-indicators" name="fIndicators"/>
<mapping converter="conv1_13_3">
<sheetMapLocation sheetNumber="0" row="13" column="3"/>
<aspectLocation duplicateFactAllowed="true">
<concept ref="c_filingIndicator_x"/>
<otherAttr ref="o0_13_3"/>
</aspectLocation>
</mapping>
<mapping converter="conv2_14_3">
<sheetMapLocation sheetNumber="0" row="14" column="3"/>
<aspectLocation duplicateFactAllowed="true">
<concept ref="c_filingIndicator_x"/>
<otherAttr ref="o0_14_3"/>
</aspectLocation>
</mapping>
<mapping converter="conv3_15_3">
<sheetMapLocation sheetNumber="0" row="15" column="3"/>
<aspectLocation duplicateFactAllowed="true">
<concept ref="c_filingIndicator_x"/>
<otherAttr ref="o0_15_3"/>
</aspectLocation>
</mapping>
<mapping converter="conv7_19_3">
<sheetMapLocation sheetNumber="0" row="19" column="3"/>
<aspectLocation duplicateFactAllowed="true">
<concept ref="c_filingIndicator_x"/>
<otherAttr ref="o0_19_3"/>
</aspectLocation>
</mapping>
<mapping converter="conv10_22_3">
<sheetMapLocation sheetNumber="0" row="22" column="3"/>
<aspectLocation duplicateFactAllowed="true">
<concept ref="c_filingIndicator_x"/>
<otherAttr ref="o0_22_3"/>
</aspectLocation>
</mapping>
<mapping converter="conv12_24_3">
<sheetMapLocation sheetNumber="0" row="24" column="3"/>
<aspectLocation duplicateFactAllowed="true">
<concept ref="c_filingIndicator_x"/>
<otherAttr ref="o0_24_3"/>
</aspectLocation>
</mapping>
<mapping converter="conv14_26_3">
<sheetMapLocation sheetNumber="0" row="26" column="3"/>
<aspectLocation duplicateFactAllowed="true">
<concept ref="c_filingIndicator_x"/>
<otherAttr ref="o0_26_3"/>
</aspectLocation>
</mapping>
</repeatMapping>
<mapping>
<sheetMapLocation sheetNumber="1" row="5" column="3"/>
<aspectLocation factAttributes="attr1_5_3">
<specialValueMappingMode value="" mode="ignore"/>
<concept ref="c_ei1633_y"/>
</aspectLocation>
</mapping>
<mapping>
<sheetMapLocation sheetNumber="1" row="6" column="3"/>
<aspectLocation factAttributes="attr1_5_3">
<specialValueMappingMode value="" mode="ignore"/>
<concept ref="c_ei1634_y"/>
</aspectLocation>
</mapping>
<mapping>
<sheetMapLocation sheetNumber="1" row="7" column="3"/>
<aspectLocation factAttributes="attr1_5_3">
<specialValueMappingMode value="" mode="ignore"/>
<concept ref="c_ei1674_y"/>
</aspectLocation>
</mapping>
<mapping>
<sheetMapLocation sheetNumber="1" row="8" column="3"/>
<aspectLocation factAttributes="attr1_5_3">
<specialValueMappingMode value="" mode="ignore"/>
<concept ref="c_ei2177_y"/>
</aspectLocation>
</mapping>
<mapping>
<sheetMapLocation sheetNumber="1" row="9" column="3"/>
<aspectLocation factAttributes="attr1_5_3">
<specialValueMappingMode value="" mode="ignore"/>
<concept ref="c_ei2178_y"/>
</aspectLocation>
</mapping>
<mapping>
<sheetMapLocation sheetNumber="2" row="4" column="2"/>
<aspectLocation factAttributes="attr1_5_3">
<specialValueMappingMode value="" mode="ignore"/>
<concept ref="c_si1384_y"/>
</aspectLocation>
</mapping>
<mapping>
<sheetMapLocation sheetNumber="2" row="5" column="2"/>
<aspectLocation factAttributes="attr1_5_3">
<specialValueMappingMode value="" mode="ignore"/>
<concept ref="c_si2179_y"/>
</aspectLocation>
</mapping>
<mapping>
<sheetMapLocation sheetNumber="2" row="6" column="2"/>
<aspectLocation factAttributes="attr1_5_3">
<specialValueMappingMode value="" mode="ignore"/>
<concept ref="c_ei1960_y"/>
</aspectLocation>
</mapping>
<mapping>
<sheetMapLocation sheetNumber="2" row="7" column="2"/>
<aspectLocation factAttributes="attr1_5_3">
<specialValueMappingMode value="" mode="ignore"/>
<concept ref="c_di1044_y"/>
</aspectLocation>
</mapping>
<mapping>
<sheetMapLocation sheetNumber="2" row="8" column="2"/>
<aspectLocation factAttributes="attr1_5_3">
<specialValueMappingMode value="" mode="ignore"/>
<concept ref="c_di1043_y"/>
</aspectLocation>
</mapping>
<mapping>
<sheetMapLocation sheetNumber="2" row="9" column="2"/>
<aspectLocation factAttributes="attr1_5_3">
<specialValueMappingMode value="" mode="ignore"/>
<concept ref="c_ei1930_y"/>
</aspectLocation>
</mapping>
<mapping converter="conv2_10_2">
<sheetMapLocation sheetNumber="2" row="10" column="2"/>
<aspectLocation factAttributes="attr2_10_2">
<specialValueMappingMode value="" mode="ignore"/>
<concept ref="c_ii2180_y"/>
</aspectLocation>
</mapping>
<mapping>
<sheetMapLocation sheetNumber="2" row="11" column="2"/>
<aspectLocation factAttributes="attr1_5_3">
<specialValueMappingMode value="" mode="ignore"/>
<concept ref="c_ei2181_y"/>
</aspectLocation>
</mapping>
<mapping converter="conv2_10_2">
<sheetMapLocation sheetNumber="3" row="5" column="3"/>
<aspectLocation factAttributes="attr3_5_3">
<specialValueMappingMode value="" mode="ignore"/>
<concept ref="c_mi2182_y"/>
<dimension ref="d_VG_x80_x"/>
</aspectLocation>
</mapping>
<mapping converter="conv2_10_2">
<sheetMapLocation sheetNumber="3" row="6" column="3"/>
<aspectLocation factAttributes="attr3_5_3">
<specialValueMappingMode value="" mode="ignore"/>
<concept ref="c_mi2183_y"/>
<dimension ref="d_VG_x80_x"/>
</aspectLocation>
</mapping>
<mapping converter="conv2_10_2">
<sheetMapLocation sheetNumber="3" row="7" column="3"/>
<aspectLocation factAttributes="attr3_5_3">
<specialValueMappingMode value="" mode="ignore"/>
<concept ref="c_mi2184_y"/>
<dimension ref="d_VG_x80_x"/>
</aspectLocation>
</mapping>
<mapping converter="conv2_10_2">
<sheetMapLocation sheetNumber="3" row="8" column="3"/>
<aspectLocation factAttributes="attr3_5_3">
<specialValueMappingMode value="" mode="ignore"/>
<concept ref="c_mi2185_y"/>
<dimension ref="d_VG_x80_x"/>
</aspectLocation>
</mapping>
<mapping converter="conv2_10_2">
<sheetMapLocation sheetNumber="3" row="9" column="3"/>
<aspectLocation factAttributes="attr3_5_3">
<specialValueMappingMode value="" mode="ignore"/>
<concept ref="c_mi2186_y"/>
<dimension ref="d_VG_x80_x"/>
</aspectLocation>
</mapping>
<mapping converter="conv2_10_2">
<sheetMapLocation sheetNumber="3" row="10" column="3"/>
<aspectLocation factAttributes="attr3_5_3">
<specialValueMappingMode value="" mode="ignore"/>
<concept ref="c_mi2187_y"/>
<dimension ref="d_VG_x80_x"/>
</aspectLocation>
</mapping>
<mapping converter="conv2_10_2">
<sheetMapLocation sheetNumber="3" row="11" column="3"/>
<aspectLocation factAttributes="attr3_5_3">
<specialValueMappingMode value="" mode="ignore"/>
<concept ref="c_mi2188_y"/>
<dimension ref="d_VG_x80_x"/>
</aspectLocation>
</mapping>
<mapping converter="conv2_10_2">
<sheetMapLocation sheetNumber="3" row="12" column="3"/>
<aspectLocation factAttributes="attr3_5_3">
<specialValueMappingMode value="" mode="ignore"/>
<concept ref="c_mi2189_y"/>
<dimension ref="d_VG_x80_x"/>
</aspectLocation>
</mapping>
<mapping converter="conv2_10_2">
<sheetMapLocation sheetNumber="3" row="13" column="3"/>
<aspectLocation factAttributes="attr3_5_3">
<specialValueMappingMode value="" mode="ignore"/>
<concept ref="c_mi2190_y"/>
<dimension ref="d_VG_x80_x"/>
</aspectLocation>
</mapping>
<mapping converter="conv2_10_2">
<sheetMapLocation sheetNumber="3" row="14" column="3"/>
<aspectLocation factAttributes="attr3_5_3">
<specialValueMappingMode value="" mode="ignore"/>
<concept ref="c_mi201_y"/>
<dimension ref="d_VG_x80_x"/>
</aspectLocation>
</mapping>
<mapping converter="conv2_10_2">
<sheetMapLocation sheetNumber="3" row="16" column="3"/>
<aspectLocation factAttributes="attr3_5_3">
<specialValueMappingMode value="" mode="ignore"/>
<concept ref="c_mi2192_y"/>
<dimension ref="d_VG_x80_x"/>
</aspectLocation>
</mapping>
<mapping converter="conv2_10_2">
<sheetMapLocation sheetNumber="3" row="17" column="3"/>
<aspectLocation factAttributes="attr3_5_3">
<specialValueMappingMode value="" mode="ignore"/>
<concept ref="c_mi2193_y"/>
<dimension ref="d_VG_x80_x"/>
</aspectLocation>
</mapping>
<mapping converter="conv2_10_2">
<sheetMapLocation sheetNumber="3" row="18" column="3"/>
<aspectLocation factAttributes="attr3_5_3">
<specialValueMappingMode value="" mode="ignore"/>
<concept ref="c_mi360_y"/>
<dimension ref="d_VG_x80_x"/>
</aspectLocation>
</mapping>
<mapping converter="conv2_10_2">
<sheetMapLocation sheetNumber="3" row="19" column="3"/>
<aspectLocation factAttributes="attr3_5_3">
<specialValueMappingMode value="" mode="ignore"/>
<concept ref="c_mi2194_y"/>
<dimension ref="d_VG_x80_x"/>
</aspectLocation>
</mapping>
<mapping converter="conv2_10_2">
<sheetMapLocation sheetNumber="3" row="20" column="3"/>
<aspectLocation factAttributes="attr3_5_3">
<specialValueMappingMode value="" mode="ignore"/>
<concept ref="c_mi2195_y"/>
<dimension ref="d_VG_x80_x"/>
</aspectLocation>
</mapping>
<mapping converter="conv2_10_2">
<sheetMapLocation sheetNumber="3" row="21" column="3"/>
<aspectLocation factAttributes="attr3_5_3">
<specialValueMappingMode value="" mode="ignore"/>
<concept ref="c_mi346_y"/>
<dimension ref="d_VG_x80_x"/>
</aspectLocation>
</mapping>
<mapping converter="conv2_10_2">
<sheetMapLocation sheetNumber="3" row="23" column="3"/>
<aspectLocation factAttributes="attr3_5_3">
<specialValueMappingMode value="" mode="ignore"/>
<concept ref="c_mi2196_y"/>
<dimension ref="d_VG_x80_x"/>
</aspectLocation>
</mapping>
<repeatMapping>
<sheetRepeatMappingInformation sheetNumber="4" row="5" column="0" rowSize="1" columnSize="2" defaultMaxRepeatCount="1" allowExtension="true" ignoreEmptyData="true" repeatDirection="row">
<cellValueRepeatStopper value="" columnOffset="0" rowOffset="0"/>
</sheetRepeatMappingInformation>
<repeatMappingInformation/>
<mapping converter="conv2_10_2">
<sheetMapLocation sheetNumber="4" row="5" column="1"/>
<aspectLocation factAttributes="attr3_5_3">
<specialValueMappingMode value="" mode="ignore"/>
<concept ref="c_mi2189_x"/>
<dimension ref="d_DA_y d_VG_x80_z"/>
</aspectLocation>
</mapping>
</repeatMapping>
<repeatMapping>
<sheetRepeatMappingInformation sheetNumber="5" row="5" column="0" rowSize="1" columnSize="2" defaultMaxRepeatCount="1" allowExtension="true" ignoreEmptyData="true" repeatDirection="row">
<cellValueRepeatStopper value="" columnOffset="0" rowOffset="0"/>
</sheetRepeatMappingInformation>
<repeatMappingInformation/>
<mapping converter="conv2_10_2">
<sheetMapLocation sheetNumber="5" row="5" column="1"/>
<aspectLocation factAttributes="attr3_5_3">
<specialValueMappingMode value="" mode="ignore"/>
<concept ref="c_mi2194_x"/>
<dimension ref="d_DL_y d_VG_x80_z"/>
</aspectLocation>
</mapping>
</repeatMapping>
<repeatMapping>
<sheetRepeatMappingInformation sheetNumber="6" row="5" column="0" rowSize="1" columnSize="2" defaultMaxRepeatCount="1" allowExtension="true" ignoreEmptyData="true" repeatDirection="row">
<cellValueRepeatStopper value="" columnOffset="0" rowOffset="0"/>
</sheetRepeatMappingInformation>
<repeatMappingInformation/>
<mapping converter="conv2_10_2">
<sheetMapLocation sheetNumber="6" row="5" column="1"/>
<aspectLocation factAttributes="attr3_5_3">
<specialValueMappingMode value="" mode="ignore"/>
<concept ref="c_mi2196_x"/>
<dimension ref="d_DE_y d_VG_x80_z"/>
</aspectLocation>
</mapping>
</repeatMapping>
<mapping converter="conv2_10_2">
<sheetMapLocation sheetNumber="7" row="5" column="3"/>
<aspectLocation factAttributes="attr3_5_3">
<specialValueMappingMode value="" mode="ignore"/>
<concept ref="c_mi2197_y"/>
<dimension ref="d_VG_x84_x"/>
</aspectLocation>
</mapping>
<mapping converter="conv2_10_2">
<sheetMapLocation sheetNumber="7" row="6" column="3"/>
<aspectLocation factAttributes="attr3_5_3">
<specialValueMappingMode value="" mode="ignore"/>
<concept ref="c_mi1969_y"/>
<dimension ref="d_VG_x84_x"/>
</aspectLocation>
</mapping>
<mapping converter="conv2_10_2">
<sheetMapLocation sheetNumber="7" row="7" column="3"/>
<aspectLocation factAttributes="attr3_5_3">
<specialValueMappingMode value="" mode="ignore"/>
<concept ref="c_mi2198_y"/>
<dimension ref="d_VG_x84_x"/>
</aspectLocation>
</mapping>
<mapping converter="conv2_10_2">
<sheetMapLocation sheetNumber="7" row="9" column="3"/>
<aspectLocation factAttributes="attr3_5_3">
<specialValueMappingMode value="" mode="ignore"/>
<concept ref="c_mi597_y"/>
<dimension ref="d_VG_x84_x"/>
</aspectLocation>
</mapping>
<mapping converter="conv2_10_2">
<sheetMapLocation sheetNumber="7" row="10" column="3"/>
<aspectLocation factAttributes="attr3_5_3">
<specialValueMappingMode value="" mode="ignore"/>
<concept ref="c_mi2220_y"/>
<dimension ref="d_VG_x84_x"/>
</aspectLocation>
</mapping>
<repeatMapping>
<sheetRepeatMappingInformation sheetNumber="8" row="4" column="0" rowSize="1" columnSize="2" defaultMaxRepeatCount="1" allowExtension="true" ignoreEmptyData="true" repeatDirection="row">
<cellValueRepeatStopper value="" columnOffset="0" rowOffset="0"/>
</sheetRepeatMappingInformation>
<repeatMappingInformation/>
<mapping converter="conv2_10_2">
<sheetMapLocation sheetNumber="8" row="4" column="1"/>
<aspectLocation factAttributes="attr3_5_3">
<specialValueMappingMode value="" mode="ignore"/>
<concept ref="c_mi2199_x"/>
<dimension ref="d_DF_y"/>
</aspectLocation>
</mapping>
</repeatMapping>
<repeatMapping>
<sheetRepeatMappingInformation sheetNumber="9" row="4" column="0" rowSize="1" columnSize="2" defaultMaxRepeatCount="1" allowExtension="true" ignoreEmptyData="true" repeatDirection="row">
<cellValueRepeatStopper value="" columnOffset="0" rowOffset="0"/>
</sheetRepeatMappingInformation>
<repeatMappingInformation/>
<mapping converter="conv2_10_2">
<sheetMapLocation sheetNumber="9" row="4" column="1"/>
<aspectLocation factAttributes="attr3_5_3">
<specialValueMappingMode value="" mode="ignore"/>
<concept ref="c_mi2200_x"/>
<dimension ref="d_DB_y"/>
</aspectLocation>
</mapping>
</repeatMapping>
<mapping converter="conv2_10_2">
<sheetMapLocation sheetNumber="10" row="5" column="2"/>
<aspectLocation factAttributes="attr3_5_3">
<specialValueMappingMode value="" mode="ignore"/>
<concept ref="c_mi2201_x"/>
<dimension ref="d_TA_x132_x d_VG_x80_z"/>
</aspectLocation>
</mapping>
<mapping converter="conv2_10_2">
<sheetMapLocation sheetNumber="10" row="5" column="3"/>
<aspectLocation factAttributes="attr3_5_3">
<specialValueMappingMode value="" mode="ignore"/>
<concept ref="c_mi201_x"/>
<dimension ref="d_VG_x80_z"/>
</aspectLocation>
</mapping>
<repeatMapping>
<sheetRepeatMappingInformation sheetNumber="11" row="4" column="0" rowSize="1" columnSize="9" defaultMaxRepeatCount="1" allowExtension="true" ignoreEmptyData="true" repeatDirection="row">
<cellValueRepeatStopper value="" columnOffset="0" rowOffset="0"/>
</sheetRepeatMappingInformation>
<repeatMappingInformation/>
<mapping>
<sheetMapLocation sheetNumber="11" row="4" column="1"/>
<aspectLocation factAttributes="attr1_5_3">
<specialValueMappingMode value="" mode="ignore"/>
<concept ref="c_di2202_x"/>
<dimension ref="d_RS_y"/>
</aspectLocation>
</mapping>
<mapping>
<sheetMapLocation sheetNumber="11" row="4" column="2"/>
<aspectLocation factAttributes="attr1_5_3">
<specialValueMappingMode value="" mode="ignore"/>
<concept ref="c_ei2203_x"/>
<dimension ref="d_RS_y"/>
</aspectLocation>
</mapping>
<mapping>
<sheetMapLocation sheetNumber="11" row="4" column="3"/>
<aspectLocation factAttributes="attr1_5_3">
<specialValueMappingMode value="" mode="ignore"/>
<concept ref="c_si2204_x"/>
<dimension ref="d_RS_y"/>
</aspectLocation>
</mapping>
<mapping>
<sheetMapLocation sheetNumber="11" row="4" column="4"/>
<aspectLocation factAttributes="attr1_5_3">
<specialValueMappingMode value="" mode="ignore"/>
<concept ref="c_si2205_x"/>
<dimension ref="d_RS_y"/>
</aspectLocation>
</mapping>
<mapping converter="conv2_10_2">
<sheetMapLocation sheetNumber="11" row="4" column="5"/>
<aspectLocation factAttributes="attr3_5_3">
<specialValueMappingMode value="" mode="ignore"/>
<concept ref="c_mi2206_x"/>
<dimension ref="d_RS_y"/>
</aspectLocation>
</mapping>
<mapping converter="conv2_10_2">
<sheetMapLocation sheetNumber="11" row="4" column="6"/>
<aspectLocation factAttributes="attr3_5_3">
<specialValueMappingMode value="" mode="ignore"/>
<concept ref="c_mi1131_x"/>
<dimension ref="d_RS_y"/>
</aspectLocation>
</mapping>
<mapping>
<sheetMapLocation sheetNumber="11" row="4" column="7"/>
<aspectLocation factAttributes="attr1_5_3">
<specialValueMappingMode value="" mode="ignore"/>
<concept ref="c_ei2181_x"/>
<dimension ref="d_RS_y"/>
</aspectLocation>
</mapping>
<mapping converter="conv2_10_2">
<sheetMapLocation sheetNumber="11" row="4" column="8"/>
<aspectLocation factAttributes="attr2_10_2">
<specialValueMappingMode value="" mode="ignore"/>
<concept ref="c_ri2441_x"/>
<dimension ref="d_RS_y"/>
</aspectLocation>
</mapping>
</repeatMapping>
<mapping converter="conv2_10_2">
<sheetMapLocation sheetNumber="12" row="5" column="2"/>
<aspectLocation factAttributes="attr3_5_3">
<specialValueMappingMode value="" mode="ignore"/>
<concept ref="c_mi2193_x"/>
<dimension ref="d_VG_x80_z"/>
</aspectLocation>
</mapping>
<repeatMapping>
<sheetRepeatMappingInformation sheetNumber="13" row="4" column="0" rowSize="1" columnSize="3" defaultMaxRepeatCount="1" allowExtension="true" ignoreEmptyData="true" repeatDirection="row">
<cellValueRepeatStopper value="" columnOffset="0" rowOffset="0"/>
</sheetRepeatMappingInformation>
<repeatMappingInformation/>
<mapping>
<sheetMapLocation sheetNumber="13" row="4" column="1"/>
<aspectLocation factAttributes="attr1_5_3">
<specialValueMappingMode value="" mode="ignore"/>
<concept ref="c_si2209_x"/>
<dimension ref="d_RS_y_1"/>
</aspectLocation>
</mapping>
<mapping converter="conv2_10_2">
<sheetMapLocation sheetNumber="13" row="4" column="2"/>
<aspectLocation factAttributes="attr3_5_3">
<specialValueMappingMode value="" mode="ignore"/>
<concept ref="c_mi2208_x"/>
<dimension ref="d_RS_y_1"/>
</aspectLocation>
</mapping>
</repeatMapping>
<repeatMapping>
<sheetRepeatMappingInformation sheetNumber="14" row="4" column="0" rowSize="1" columnSize="12" defaultMaxRepeatCount="1" allowExtension="true" ignoreEmptyData="true" repeatDirection="row">
<cellValueRepeatStopper value="" columnOffset="0" rowOffset="0"/>
</sheetRepeatMappingInformation>
<repeatMappingInformation/>
<mapping>
<sheetMapLocation sheetNumber="14" row="4" column="4"/>
<aspectLocation factAttributes="attr1_5_3">
<specialValueMappingMode value="" mode="ignore"/>
<concept ref="c_si2512_x"/>
<dimension ref="d_YR_y d_YO_y d_YN_y d_YM_y"/>
</aspectLocation>
</mapping>
<mapping converter="conv2_10_2">
<sheetMapLocation sheetNumber="14" row="4" column="5"/>
<aspectLocation factAttributes="attr3_5_3">
<specialValueMappingMode value="" mode="ignore"/>
<concept ref="c_mi2507_x"/>
<dimension ref="d_YR_y d_YO_y d_YN_y d_YM_y"/>
</aspectLocation>
</mapping>
<mapping>
<sheetMapLocation sheetNumber="14" row="4" column="6"/>
<aspectLocation factAttributes="attr1_5_3">
<specialValueMappingMode value="" mode="ignore"/>
<concept ref="c_si2508_x"/>
<dimension ref="d_YR_y d_YO_y d_YN_y d_YM_y"/>
</aspectLocation>
</mapping>
<mapping>
<sheetMapLocation sheetNumber="14" row="4" column="7"/>
<aspectLocation factAttributes="attr1_5_3">
<specialValueMappingMode value="" mode="ignore"/>
<concept ref="c_di2509_x"/>
<dimension ref="d_YR_y d_YO_y d_YN_y d_YM_y"/>
</aspectLocation>
</mapping>
<mapping converter="conv2_10_2">
<sheetMapLocation sheetNumber="14" row="4" column="8"/>
<aspectLocation factAttributes="attr2_10_2">
<specialValueMappingMode value="" mode="ignore"/>
<concept ref="c_ii2510_x"/>
<dimension ref="d_YR_y d_YO_y d_YN_y d_YM_y"/>
</aspectLocation>
</mapping>
<mapping converter="conv2_10_2">
<sheetMapLocation sheetNumber="14" row="4" column="9"/>
<aspectLocation factAttributes="attr2_10_2">
<specialValueMappingMode value="" mode="ignore"/>
<concept ref="c_ri2511_x"/>
<dimension ref="d_YR_y d_YO_y d_YN_y d_YM_y"/>
</aspectLocation>
</mapping>
<mapping converter="conv2_10_2">
<sheetMapLocation sheetNumber="14" row="4" column="10"/>
<aspectLocation factAttributes="attr14_4_10">
<specialValueMappingMode value="" mode="ignore"/>
<concept ref="c_pi1550_x"/>
<dimension ref="d_YR_y d_YO_y d_YN_y d_YM_y"/>
</aspectLocation>
</mapping>
<mapping>
<sheetMapLocation sheetNumber="14" row="4" column="11"/>
<aspectLocation factAttributes="attr1_5_3">
<specialValueMappingMode value="" mode="ignore"/>
<concept ref="c_bi7_x"/>
<dimension ref="d_YR_y d_YO_y d_YN_y d_YM_y"/>
</aspectLocation>
</mapping>
</repeatMapping>
</mappingDefinition>
</mappingRoot>
